SN,SMT ID,IMIS ID,"New LAC 
 [ After De-limitation ]","Block
 [ After Delimitation ]",GP,Type,Scheme Type,Name of Scheme,SO NAME,Contractor Name,FHTC Target as per TS / DPR,FHTC Achieved,Sub-Division,"Work Status 
[ as per JJM Brain as on 10-08-2026 ]","Operational Status as per JJM Brain 
[ as on 10-08-2026 ]",PWSS Operational Status as per FIELD,"Work will be resolve / done by
[ For Partially or Non Operative PWSS ]","Estimate Prepared or Not
[ For Partially or Non Operative PWSS ]","Whether AA Accorded
[ For Partially or Non Operative PWSS ]","Work Allotted or Not
[ For Partially or Non Operative PWSS ]",Estimate Amount [ in Rs. ],If Work Allotted - Name of the Contractor,Work Status for making the PWSS functional [ Not Started / Ongoing / Halted / Completed ],Remarks,Specific Reason from JJM Brain / Issue,Tariff Collection,Issue will Resolve by / Action Taken,"Physical progress (in %) as per IMIS
 [ 30-06-2026 ]",Estimate provided under SOPD,"Estimate Amount to SOPD
 [ in Rs ]"
27,16831,30190297,DIGBOI,DIGBOI,KAILASHPUR,NEW,NON TEA GARDEN,CHANGMAI CHUCK PWSS,ANUPAM,HAREN MAHANTA,275,144,DIGBOI,ONGOING,NON_OPERATIVE,Non Operative,,,,,,,,,,Tariff Collection: YES,Estimated Submitted to P&RD - Work Ongoing,100,,
29,16835,30076844,DIGBOI,DIGBOI,KAILASHPUR,NEW,NON TEA GARDEN,DAKHIN BISHRAMPUR PWSS,ANUPAM,M/S Electro Mechnico Projects (P) Ltd,149,149,DIGBOI,HANDED_OVER,OPERATIVE,Non Operative,P&RD - 15 FC,ON PROCESS,,,,,,PUMPs are not working,,Tariff Collection: NO,,100,,
30,11877,30215959,DIGBOI,DIGBOI,KAILASHPUR,NEW,NON TEA GARDEN,DIGHALI PATHER PWSS,ANUPAM,SRI JAYANTA KHAUND,204,160,DIGBOI,HANDED_OVER,OPERATIVE,Fully Operative,,,,,,,,water in 10-12 FHTC are not flowing,,Tariff Collection: YES,,100,,
31,16839,30205714,DIGBOI,DIGBOI,KAILASHPUR,NEW,NON TEA GARDEN,DIMBOJOA PWSS,ANUPAM,HAREN MAHANTA,69,50,DIGBOI,ONGOING,NON_OPERATIVE,Non Operative,,,,,,,,,,Tariff Collection: YES,,100,,
32,16847,30191632,DIGBOI,DIGBOI,KAILASHPUR,NEW,NON TEA GARDEN,DUMSHIHATIGARH PWSS,ANUPAM,M/S Haji Enterprises,319,101,DIGBOI,ONGOING,OPERATIVE,Fully Operative,,,,,,,,,,Tariff Collection: NO,,81,,
34,16851,30076843,DIGBOI,DIGBOI,KAILASHPUR,NEW,NON TEA GARDEN,HATIGARH NO 2 PWSS,ANUPAM,M/S Electro Mechnico Projects (P) Ltd,164,151,DIGBOI,HANDED_OVER,OPERATIVE,Non Operative,APDCL,,,,,,,Village transformer is damaged,,Tariff Collection: NO,,55,,
42,16897,30200400,DIGBOI,DIGBOI,KAILASHPUR,NEW,NON TEA GARDEN,LITONG GAON PWSS,ANUPAM,HAREN MAHANTA,146,150,DIGBOI,ONGOING,OPERATIVE,Non Operative,,,,,,,,,,Tariff Collection: NO,,43,,
43,16900,30200487,DIGBOI,DIGBOI,KAILASHPUR,NEW,NON TEA GARDEN,MADARKHAT GAON PWSS,ANUPAM,HAREN MAHANTA,231,101,DIGBOI,ONGOING,NON_OPERATIVE,Non Operative,,,,,,,,,,Tariff Collection: NO,,100,,
46,16904,30201945,DIGBOI,DIGBOI,KAILASHPUR,NEW,NON TEA GARDEN,MILONPUR. PWSS,ANUPAM,HAREN MAHANTA,111,105,DIGBOI,ONGOING,PARTIALLY_OPERATIVE,Non Operative,,,,,,,,,,Tariff Collection: NO,,41,,
51,16910,30203602,DIGBOI,DIGBOI,KAILASHPUR,NEW,NON TEA GARDEN,NAMHOLLONG BLOCK GAON PWSS,ANUPAM,HAREN MAHANTA,208,179,DIGBOI,ONGOING,NON_OPERATIVE,Non Operative,,,,,,,,,,Tariff Collection: YES,,100,,
53,11878,30215957,DIGBOI,DIGBOI,KAILASHPUR,NEW,NON TEA GARDEN,NATUN TALPATHER. PWSS,ANUPAM,SRI JAYANTA KHAUND,232,166,DIGBOI,HANDED_OVER,OPERATIVE,Non Operative,P&RD - 15 FC,YES,YES,YES,60990,Jugita Saikia Moran,Ongoing,Village Transformer fuse is out,,Tariff Collection: NO,,100,,
54,16918,30200892,DIGBOI,DIGBOI,KAILASHPUR,NEW,NON TEA GARDEN,NAVOJYOTI PWSS,ANUPAM,HAREN MAHANTA,136,128,DIGBOI,ONGOING,NON_OPERATIVE,Non Operative,,,,,,,,,,Tariff Collection: NO,,100,,
67,16923,30183171,DIGBOI,DIGBOI,KAILASHPUR,NEW,NON TEA GARDEN,SIMALUGURI. PWSS,ANUPAM,Jai Shankar Prasad,244,220,DIGBOI,ONGOING,NON_OPERATIVE,Non Operative,,,,,,,,,,Tariff Collection: NO,Estimate Under Prepration in Division and will be sent to P&RD,100,,
68,16927,30183448,DIGBOI,DIGBOI,KAILASHPUR,NEW,NON TEA GARDEN,SONJAN GAON. PWSS,ANUPAM,Shiv Prakash Gupta,101,105,DIGBOI,ONGOING,NON_OPERATIVE,Non Operative,,,,,,,,,,Tariff Collection: NO,Estimated Submitted to P&RD - Work Not Started,100,,
71,16943,30183934,DIGBOI,DIGBOI,KAILASHPUR,NEW,NON TEA GARDEN,TENGABARI. PWSS,ANUPAM,HAREN MAHANTA,55,50,DIGBOI,ONGOING,OPERATIVE,Non Operative,,,,,,,,,,Tariff Collection: NO,,100,,
72,16950,30184010,DIGBOI,DIGBOI,KAILASHPUR,NEW,NON TEA GARDEN,TINIALI NA-GAON. PWSS,ANUPAM,HAREN MAHANTA,150,171,DIGBOI,ONGOING,PARTIALLY_OPERATIVE,Non Operative,,,,,,,,,,Tariff Collection: NO,WUC / Jal Mitra,100,,
73,16958,30184019,DIGBOI,DIGBOI,KAILASHPUR,NEW,NON TEA GARDEN,TIPOLI CHUCK. PWSS,ANUPAM,HAREN MAHANTA,159,44,DIGBOI,ONGOING,NON_OPERATIVE,Non Operative,,,,,,,,,,Tariff Collection: NO,,100,,
74,16966,30185016,DIGBOI,DIGBOI,KAILASHPUR,NEW,NON TEA GARDEN,TONGONA SUNJAN. PWSS,ANUPAM,Shiv Prakash Gupta,163,121,DIGBOI,ONGOING,NON_OPERATIVE,Non Operative,,,,,,,,,,Tariff Collection: NO,,100,,
76,16970,30185335,DIGBOI,DIGBOI,KAILASHPUR,NEW,NON TEA GARDEN,UTTAR BISHAMPUR PWSS,ANUPAM,HAREN MAHANTA,148,174,DIGBOI,ONGOING,NON_OPERATIVE,Non Operative,,,,,,,,,,Tariff Collection: NO,,100,,
77,16975,30185413,DIGBOI,DIGBOI,KAILASHPUR,NEW,NON TEA GARDEN,WATHOI. PWSS,ANUPAM,Manash Protim Borah,82,75,DIGBOI,ONGOING,NON_OPERATIVE,Non Operative,,,,,,,,,,Tariff Collection: YES,,100,,
263,17479,30216366,DIGBOI,DIGBOI,GOLAI,NEW,NON TEA GARDEN,20 NO. LINE PWSS,PUJA,Kalyan Chetia,117,117,DIGBOI,HANDED_OVER,NON_OPERATIVE,Non Operative,P&RD - 15 FC,YES,NO,,,,,,Pipeline damage (other third parties),Tariff Collection: NO,Estimates Already send under SOPD to HQ,100,YES,858162
264,17888,30181474,DIGBOI,DIGBOI,TINGRAI,NEW,NON TEA GARDEN,OUGURI TINGRAI PWSS ( 6 NO WARD OUGURI GAON ),PUJA,Nortech Power Projects Pvt. Ltd.,236,144,DIGBOI,HANDED_OVER,OPERATIVE,Partially Operative,P&RD - 15 FC,YES,NO,,,,,,,Tariff Collection: NO,,80,,
265,17891,30181483,DIGBOI,DIGBOI,TINGRAI,NEW,NON TEA GARDEN,MAJ MAMORONI PWSS ( 7 NO WARD OUGURI GAON ),PUJA,Nortech Power Projects Pvt. Ltd.,155,81,DIGBOI,HANDED_OVER,OPERATIVE,Partially Operative,P&RD - 15 FC,YES,YES,YES,84143,MIRAJ MORAN,Ongoing,,,Tariff Collection: NO,,24,,
266,17899,30076146,DIGBOI,DIGBOI,TINGRAI,NEW,TEA GARDEN SCHEME,ANANDA BAG TE NO. 1 LABOUR LINE PWSS,PUJA,PANKAJ KALITA,202,204,DIGBOI,HANDED_OVER,PARTIALLY_OPERATIVE,Partially Operative,P&RD - 15 FC,YES,NO,,,,,,Voltage or Load Issues,Tariff Collection: NO,,100,,
267,17902,30076152,DIGBOI,DIGBOI,TINGRAI,NEW,TEA GARDEN SCHEME,ANANDA BAG TE PWSS,PUJA,PANKAJ KALITA,185,183,DIGBOI,HANDED_OVER,OPERATIVE,Partially Operative,P&RD - 15 FC,YES,NO,,,,,,,Tariff Collection: YES,,100,,
269,17903,30181785,DIGBOI,DIGBOI,TINGRAI,NEW,NON TEA GARDEN,ASSAMIYA PATHER GAON. PWSS,PUJA,Nortech Power Projects Pvt. Ltd.,146,81,DIGBOI,HANDED_OVER,OPERATIVE,Partially Operative,P&RD - 15 FC,YES,NO,,,,,,,Tariff Collection: YES,,100,,
271,12160,30020302,DIGBOI,DIGBOI,BORBIL,NEW,NON TEA GARDEN,BALIJAN NC PWSS,PUJA,Shiva Gogoi,216,216,DIGBOI,HANDED_OVER,OPERATIVE,Fully Operative,,,,,,,,,,Tariff Collection: NO,,37,,
272,17468,30183290,DIGBOI,DIGBOI,GOLAI,NEW,NON TEA GARDEN,BAPAPUNG NO.2 PWSS,PUJA,HANUMAN DISTRIBUTORS,304,302,DIGBOI,ONGOING,PARTIALLY_OPERATIVE,,,,,,,,,,,Tariff Collection: NO,,40,,
274,11407,30015343,DIGBOI,DIGBOI,TINGRAI,NEW,NON TEA GARDEN,PACHIM MAMORONI PWSS ( BHATI MAMORANI ),PUJA,Udeepta Phukan,232,228,DIGBOI,HANDED_OVER,PARTIALLY_OPERATIVE,Partially Operative,P&RD - 15 FC,YES,YES,YES,1188731,UDIPTA PHUKAN,Ongoing,,Pipeline Damage due to PWD road construction or Augmentation,Tariff Collection: NO,,100,,
275,17472,30183485,DIGBOI,DIGBOI,GOLAI,NEW,NON TEA GARDEN,BHIMPATHAR PWSS,PUJA,Kalyan Chetia,100,91,DIGBOI,HANDED_OVER,OPERATIVE,Fully Operative,,,,,,,,,,Tariff Collection: NO,,100,,
276,11410,30216478,DIGBOI,DIGBOI,TINGRAI,NEW,NON TEA GARDEN,BHUYAN BASTI. PWSS,PUJA,Nortech Power Projects Pvt. Ltd.,423,304,DIGBOI,HANDED_OVER,OPERATIVE,Partially Operative,P&RD - 15 FC,YES,YES,YES,,,,,,Tariff Collection: NO,,34,,
277,15461,30213112,DIGBOI,DIGBOI,BORBIL,NEW,NON TEA GARDEN,BORBIL GAON 1 PWSS,PUJA,Dulal Chandra Roy,494,255,DIGBOI,HANDED_OVER,NON_OPERATIVE,Non Operative,PHE Contractor - Under DLP,,,,,,,,Centrifugal Pump Malfunction:Leakage in Distribution Line,Tariff Collection: NO,,59,,
278,15466,30184956,DIGBOI,DIGBOI,BORBIL,NEW,NON TEA GARDEN,BORBIL NO 3 PWSS,PUJA,Dulal Chandra Roy,758,383,DIGBOI,HANDED_OVER,NON_OPERATIVE,Non Operative,PHE Contractor - Under DLP,,,,,,,,Voltage or Load Issues,Tariff Collection: NO,,100,,
280,15469,30205241,DIGBOI,DIGBOI,BORBIL,NEW,NON TEA GARDEN,BORJAN FOREST VILLAGE PWSS,PUJA,Udeepta Phukan,180,180,DIGBOI,HANDED_OVER,OPERATIVE,Partially Operative,P&RD - 15 FC,YES,YES,YES,84539,DUSHYANTA BORAH,Not Started,,,Tariff Collection: NO,,100,,
281,17477,30216927,DIGBOI,DIGBOI,GOLAI,NEW,NON TEA GARDEN,Dhekiajan No 2 PWSS,PUJA,Udeepta Phukan,121,121,DIGBOI,HANDED_OVER,OPERATIVE,Fully Operative,,,,,,,,,,Tariff Collection: NO,,31,,
282,17485,30213114,DIGBOI,DIGBOI,GOLAI,NEW,NON TEA GARDEN,GOLAI GAON NO.2 PWSS,PUJA,HANUMAN DISTRIBUTORS,409,308,DIGBOI,ONGOING,PARTIALLY_OPERATIVE,,,,,,,,,,,Tariff Collection: NO,,27,,
283,17487,30193040,DIGBOI,DIGBOI,GOLAI,NEW,NON TEA GARDEN,GOLAI NO.4 PWSS,PUJA,HIren Dihingia,69,69,DIGBOI,HANDED_OVER,NON_OPERATIVE,Non Operative,P&RD - 15 FC,YES,NO,YES,131918,RAJU BORAH,Ongoing,,Submersible Pump Malfunction,Tariff Collection: NO,,100,,
284,12173,30015857,DIGBOI,DIGBOI,GOLAI,NEW,NON TEA GARDEN,GOLAI NO.5 PWSS,PUJA,Green Moon Engineering,256,256,DIGBOI,HANDED_OVER,OPERATIVE,Partially Operative,P&RD - 15 FC,YES,YES,YES,203431,TRIDIP KAKOTI,Ongoing,,,Tariff Collection: NO,,70,,
285,17906,30196111,DIGBOI,DIGBOI,TINGRAI,NEW,TEA GARDEN SCHEME,HOLLONG HABI TE LABOUR LINE 1 PWSS,PUJA,Anil Phukan,80,80,DIGBOI,HANDED_OVER,OPERATIVE,Fully Operative,,,,,,,,,,Tariff Collection: NO,,0,,
286,17907,30196127,DIGBOI,DIGBOI,TINGRAI,NEW,TEA GARDEN SCHEME,HOLLONG HABI TE LABOUR LINE 2 PWSS,PUJA,Anil Phukan,109,109,DIGBOI,HANDED_OVER,OPERATIVE,Partially Operative,P&RD - 15 FC,YES,NO,NO,,,,,,Tariff Collection: NO,,27,,
287,17908,30196144,DIGBOI,DIGBOI,TINGRAI,NEW,TEA GARDEN SCHEME,HOLLONG HABI TE.126 AP. PWSS,PUJA,Nortech Power Projects Pvt. Ltd.,120,54,DIGBOI,HANDED_OVER,OPERATIVE,Fully Operative,,,,,,,,,,Tariff Collection: NO,,100,,
288,22480,30218758,DIGBOI,DIGBOI,BORBIL,NEW,NON TEA GARDEN,KENDUGURI PWSS,PUJA,Nayan Jyoti Gogoi,73,69,DIGBOI,HANDED_OVER,OPERATIVE,Partially Operative,P&RD - 15 FC,YES,YES,YES,68120,DUSHYANTA BORAH,Not Started,,,Tariff Collection: NO,,49,,
289,17481,30192839,DIGBOI,DIGBOI,GOLAI,NEW,NON TEA GARDEN,KOLAMATI SIDE AREA PWSS,PUJA,Ram-Man Business Enterprise,632,260,DIGBOI,ONGOING,PARTIALLY_OPERATIVE,,,,,,,,,,,Tariff Collection: NO,,45,,
296,17910,30201836,DIGBOI,DIGBOI,TINGRAI,NEW,NON TEA GARDEN,MAMORANI FOREST VILLAGE PWSS,PUJA,Kajal Hore,102,62,DIGBOI,HANDED_OVER,OPERATIVE,Partially Operative,P&RD - 15 FC,YES,YES,YES,110084,MIRAJ MORAN,Ongoing,,,Tariff Collection: NO,,71,,
301,17912,30146065,DIGBOI,DIGBOI,TINGRAI,NEW,NON TEA GARDEN,OBHATAJAN GAON PWSS,PUJA,Sri Jitu Hazarika,220,155,DIGBOI,HANDED_OVER,OPERATIVE,Partially Operative,P&RD - 15 FC,YES,NO,,,,,,,Tariff Collection: NO,,29,,
302,11412,30005113,DIGBOI,DIGBOI,TINGRAI,NEW,TEA GARDEN SCHEME,OBHATAJAN TE 293 NLR PWSS,PUJA,PAWAN COMMUNICATION,219,219,DIGBOI,HANDED_OVER,NON_OPERATIVE,Non Operative,PHE Contractor - Under DLP,,,,,,,,Leakage in Distribution Line:Valve Leakage/Damage:Pipeline damage (other third parties),Tariff Collection: NO,,36,,
303,17495,30196435,DIGBOI,DIGBOI,GOLAI,NEW,NON TEA GARDEN,PAHARPUR CHRISTIAN KONWOR CHUK PWSS,PUJA,HIren Dihingia,110,103,DIGBOI,HANDED_OVER,NON_OPERATIVE,Non Operative,P&RD - 15 FC,YES,NO,,,,,,Pipeline Damage due to PWD road construction or Augmentation,Tariff Collection: NO,,33,,
304,22500,30218295,DIGBOI,DIGBOI,GOLAI,NEW,NON TEA GARDEN,Panbari PT 1 PWSS,PUJA,Shiva Gogoi,66,66,DIGBOI,HANDED_OVER,OPERATIVE,Partially Operative,P&RD - 15 FC,YES,NO,,,,,,,Tariff Collection: NO,,100,,
305,15458,30217164,DIGBOI,DIGBOI,BORBIL,NEW,NON TEA GARDEN,SHILLONG BASTI PWSS,PUJA,HANUMAN DISTRIBUTORS,239,214,DIGBOI,ONGOING,PARTIALLY_OPERATIVE,,,,,,,,,,,Tariff Collection: NO,,100,,
306,17913,30183994,DIGBOI,DIGBOI,TINGRAI,NEW,NON TEA GARDEN,TINGRAI F.V. PWSS,PUJA,Nayan Jyoti Gogoi,331,230,DIGBOI,ONGOING,PARTIALLY_OPERATIVE,,,,,,,,,,,Tariff Collection: NO,,34,,
307,11415,30217283,DIGBOI,DIGBOI,TINGRAI,NEW,NON TEA GARDEN,UPPER MAMORANI GAON. PWSS,PUJA,M/s B.K. Hazarika,282,165,DIGBOI,ONGOING,PARTIALLY_OPERATIVE,,,,,,,,,,,Tariff Collection: NO,,40,,
359,17992,30190352,DIGBOI,DIGBOI,TONGONA,NEW,NON TEA GARDEN,CHARIALI CHUCK PWSS,PARISHMITA,M/s Shri Ohm Construction,93,53,DIGBOI,ONGOING,,Non Operative,,,,,,,,,,Tariff Collection: NO,,37,,
360,17995,30014735,DIGBOI,DIGBOI,TONGONA,NEW,NON TEA GARDEN,CHENGA PATHER PWSS,PARISHMITA,M/S POWER TOOLS & ENGINEERING,296,162,DIGBOI,HANDED_OVER,OPERATIVE,Partially Operative,P&RD - 15 FC,YES,YES,YES,122352,Punya Moran,,,,Tariff Collection: NO,,100,,
375,18001,30193141,DIGBOI,DIGBOI,TONGONA,NEW,NON TEA GARDEN,GUTI BARI. PWSS,PARISHMITA,M/s Sujata Enterprises,296,300,DIGBOI,HANDED_OVER,OPERATIVE,Non Operative,P&RD - 15 FC,YES,YES,YES,88394,Rebo Moran ,Not Started,,,Tariff Collection: NO,,40,,
378,19489,30020450,DIGBOI,DIGBOI,TONGONA,NEW,NON TEA GARDEN,JENGONI PWSS,PARISHMITA,M/S Hab Enterprise,222,166,DIGBOI,ONGOING,,Non Operative,,,,,,,,,,Tariff Collection: NO,,28,,
381,12158,30212724,DIGBOI,DIGBOI,TONGONA,NEW,NON TEA GARDEN,KACHIJAN NO 1 PWSS,PARISHMITA,SRI JAYANTA KHAUND,235,140,DIGBOI,HANDED_OVER,OPERATIVE,Non Operative,P&RD - 15 FC,YES,YES,YES,176625,Punya Moran,Not Started,,,Tariff Collection: NO,,34,,
393,18011,30193373,DIGBOI,DIGBOI,TONGONA,NEW,NON TEA GARDEN,KULI BILL GAON PWSS,PARISHMITA,M/s Shri Ohm Construction,590,459,DIGBOI,ONGOING,NON_OPERATIVE,Non Operative,,,,,,,,,,Tariff Collection: NO,,0,,
421,18021,30185032,DIGBOI,DIGBOI,TONGONA,NEW,TEA GARDEN SCHEME,TONGONA TE.114-WL. PWSS,PARISHMITA,Raj Sekhar Hazarika,503,539,DIGBOI,HANDED_OVER,OPERATIVE,Fully Operative,,,,,,,,,,Tariff Collection: NO,,29,,
422,18023,30185053,DIGBOI,DIGBOI,TONGONA,NEW,TEA GARDEN SCHEME,TONGONA TE.22-WL. PWSS,PARISHMITA,M/S Itas G Pharma,592,481,DIGBOI,ONGOING,,Non Operative,,,,,,,,,,Tariff Collection: NO,,0,,
423,18025,30185096,DIGBOI,DIGBOI,TONGONA,NEW,TEA GARDEN SCHEME,TONGONA TE.DARKAST NO.3 PWSS,PARISHMITA,M/S Itas G Pharma,140,84,DIGBOI,ONGOING,,Non Operative,,,,,,,,,,Tariff Collection: NO,,77,,
424,18027,30019448,DIGBOI,DIGBOI,TONGONA,NEW,TEA GARDEN SCHEME,TONGONA TE.GRANT NO.108(118) PWSS,PARISHMITA,M/S Manash Enterprise,265,242,DIGBOI,HANDED_OVER,OPERATIVE,Partially Operative,,,,,,,,,,Tariff Collection: NO,,60,,
469,17733,30204681,DIGBOI,DIGBOI,BORHAPJAN,NEW,NON TEA GARDEN,ASSOMIYA BALIJAN GAON PWSS,RANJITA,M/S Tirupati & Associates,197,197,TINSUKIA,HANDED_OVER,OPERATIVE,Fully Operative,,,,,,,,,,Tariff Collection: NO,,71,,
496,22511,30218140,DIGBOI,DIGBOI,BORHAPJAN,NEW,NON TEA GARDEN,GUPONARI HABI PWSS,RANJITA,Nortech Power Projects Pvt. Ltd.,371,293,TINSUKIA,ONGOING,,Non Operative,,,,,,,,,,Tariff Collection: NO,,66,,
507,10913,30012971,DIGBOI,DIGBOI,BORHAPJAN,NEW,NON TEA GARDEN,KECHERUGURI GAON PWSS,RANJITA,Dulal Chandra Roy,273,273,TINSUKIA,HANDED_OVER,OPERATIVE,Partially Operative,P&RD - 15 FC,ON PROCESS,,,,,,,,Tariff Collection: NO,,80,,
518,22501,30218275,DIGBOI,DIGBOI,BORHAPJAN,NEW,NON TEA GARDEN,Nahar Chapori PWSS,RANJITA,Dulal Chandra Roy,253,291,TINSUKIA,HANDED_OVER,NON_OPERATIVE,Non Operative,PWD,YES,,,1970713,,,,Pipeline Damage due to PWD road construction or Augmentation,Tariff Collection: NO,,100,,
519,22509,30218283,DIGBOI,DIGBOI,BORHAPJAN,NEW,NON TEA GARDEN,Nahorani Gaon PWSS,RANJITA,Nortech Power Projects Pvt. Ltd.,256,205,TINSUKIA,HANDED_OVER,PARTIALLY_OPERATIVE,Partially Operative,PWD,YES,,,665047,,,,Centrifugal Pump Malfunction,Tariff Collection: NO,,100,,
522,22507,30222142,DIGBOI,DIGBOI,BORHAPJAN,NEW,NON TEA GARDEN,PABOJAN 1 PWSS,RANJITA,Nortech Power Projects Pvt. Ltd.,290,251,TINSUKIA,ONGOING,,Non Operative,,,,,,,,,,Tariff Collection: NO,,82,,
523,22488,30222145,DIGBOI,DIGBOI,BORHAPJAN,NEW,NON TEA GARDEN,PAVAJAN PWSS,RANJITA,Kalyan Chetia,111,125,TINSUKIA,HANDED_OVER,OPERATIVE,Fully Operative,,,,,,,,,,Tariff Collection: NO,,88,,
538,16925,30216347,DIGBOI,DIGBOI,BRAHMAJAN,NEW,NON TEA GARDEN,2 No Ambikapur PWSS,JURI,HAREN MAHANTA,230,87,DIGBOI,ONGOING,NON_OPERATIVE,Non Operative,,,,,,,,,,Tariff Collection: NO,,100,,
543,16916,30181712,DIGBOI,DIGBOI,BRAHMAJAN,NEW,NON TEA GARDEN,AMBIKAPUR PWSS,JURI,HAREN MAHANTA,216,281,DIGBOI,ONGOING,PARTIALLY_OPERATIVE,Non Operative,,,,,,,,,,Tariff Collection: NO,,0,,
546,12163,30076425,DIGBOI,DIGBOI,BRAHMAJAN,NEW,NON TEA GARDEN,BRAHMAJAN PWSS,JURI,Sulekha Devi,215,77,DIGBOI,ONGOING,NON_OPERATIVE,Non Operative,,,,,,,,,,Tariff Collection: NO,,45,,
550,16951,30191265,DIGBOI,DIGBOI,BRAHMAJAN,NEW,NON TEA GARDEN,DIBRUJAN NO 5 PWSS,JURI,HAREN MAHANTA,174,155,DIGBOI,ONGOING,NON_OPERATIVE,Non Operative,,,,,,,,,,Tariff Collection: NO,,24,,
551,12168,30212774,DIGBOI,DIGBOI,BRAHMAJAN,NEW,NON TEA GARDEN,DIBRUJAN NO.2 PWSS,JURI,Sulekha Devi,212,190,DIGBOI,ONGOING,PARTIALLY_OPERATIVE,Non Operative,,,,,,,,,,Tariff Collection: NO,,44,,
552,12165,30115082,DIGBOI,DIGBOI,BRAHMAJAN,NEW,NON TEA GARDEN,DIBRUJAN NO.3 PWSS,JURI,Sulekha Devi,238,212,DIGBOI,HANDED_OVER,OPERATIVE,Fully Operative,,,,,,,,,,Tariff Collection: NO,,41,,
582,12801,30015334,DIGBOI,DIGBOI,PAWOI,NEW,TEA GARDEN SCHEME,NAGAPARA DIVISION PWSS,RUKSANA,ARUPJYOTI GOGOI,375,340,DIGBOI,HANDED_OVER,OPERATIVE,Non Operative,P&RD - 15 FC,YES,NO,NO,,,,,,Tariff Collection: NO,,0,,
592,17017,30196511,DIGBOI,DIGBOI,BRAHMAJAN,NEW,NON TEA GARDEN,PENGERIGARH GRANT NO.8-313 PWSS,JURI,HAREN MAHANTA,310,112,DIGBOI,ONGOING,NON_OPERATIVE,Non Operative,,,,,,,,,,Tariff Collection: NO,,20,,
593,16959,30196519,DIGBOI,DIGBOI,BRAHMAJAN,NEW,TEA GARDEN SCHEME,Pengerigarh TE PWSS,JURI,HAREN MAHANTA,1083,1029,DIGBOI,ONGOING,PARTIALLY_OPERATIVE,Non Operative,,,,,,,,,,Tariff Collection: NO,,72,,
594,22505,30218777,DIGBOI,DIGBOI,PAWOI,NEW,TEA GARDEN SCHEME,PENSON BASTI PT 1 PWSS,RUKSANA,HIren Dihingia,67,50,DIGBOI,HANDED_OVER,OPERATIVE,Fully Operative,,,,,,,,,,Tariff Collection: NO,,100,,
595,12798,30007066,DIGBOI,DIGBOI,PAWOI,NEW,NON TEA GARDEN,PENSON BASTI PWSS,RUKSANA,HIren Dihingia,256,234,DIGBOI,HANDED_OVER,OPERATIVE,Fully Operative,,,,,,,,,,Tariff Collection: NO,Estimated Submitted to P&RD - Work Ongoing,100,,
597,17100,30196645,DIGBOI,DIGBOI,BRAHMAJAN,NEW,NON TEA GARDEN,POPULAJAN PWSS,JURI,HAREN MAHANTA,233,233,DIGBOI,ONGOING,PARTIALLY_OPERATIVE,Non Operative,,,,,,,,,,Tariff Collection: NO,,64,,
598,17571,30082001,DIGBOI,DIGBOI,PAWOI,NEW,TEA GARDEN SCHEME,POWAI BAZAR PWSS,RUKSANA,SARDA UDYOG,556,557,DIGBOI,HANDED_OVER,NON_OPERATIVE,Non Operative,PWD,YES,,,,,,,Pipeline Damage due to PWD road construction or Augmentation,Tariff Collection: NO,,72,,
599,17572,30020398,DIGBOI,DIGBOI,PAWOI,NEW,TEA GARDEN SCHEME,POWAI CENTRE PWSS,RUKSANA,Ram-Man Business Enterprise,485,532,DIGBOI,HANDED_OVER,NON_OPERATIVE,Non Operative,P&RD - 15 FC,YES,YES,YES,477347,Nirmal Kalondi ,Ongoing,,Theft of valve from interconnection system,Tariff Collection: NO,,60,,
601,17573,30063064,DIGBOI,DIGBOI,PAWOI,NEW,TEA GARDEN SCHEME,POWAI T.E. PWSS,RUKSANA,Ram-Man Business Enterprise,485,418,DIGBOI,HANDED_OVER,OPERATIVE,Non Operative,P&RD - 15 FC,ON PROCESS,NO,NO,,,,,,Tariff Collection: NO,Estimated Submitted to P&RD - Work Ongoing,100,,
603,12809,30036890,DIGBOI,DIGBOI,PAWOI,NEW,TEA GARDEN SCHEME,STATION PARA PWSS,RUKSANA,M/S Roni Enterprise,234,78,DIGBOI,ONGOING,PARTIALLY_OPERATIVE,Non Operative,,,,,,,,,,Tariff Collection: YES,,100,,
616,11859,30215955,DIGBOI,DIGBOI,DUARMARA,NEW,TEA GARDEN SCHEME,BAGAN CHUCK. PWSS,PUBALI,SRI JAYANTA KHAUND,321,251,DIGBOI,HANDED_OVER,OPERATIVE,Partially Operative,P&RD - 15 FC,YES,YES,YES,164530,NOMITA CHUTIA,Ongoing,LOW VOLTAGE ISSUE,,Tariff Collection: YES,,100,,
617,17500,30181867,DIGBOI,DIGBOI,DUARMARA,NEW,NON TEA GARDEN,BALIJAN PWSS (NAMANI CHUK),PUBALI,M/S Haji Enterprises,155,81,DIGBOI,ONGOING,,Non Operative,,,,,,,,,,Tariff Collection: NO,,100,,
619,16306,30183323,DIGBOI,DIGBOI,DUARMARA,NEW,NON TEA GARDEN,BEBEJIA PWSS,PUBALI,PANKAJ DAS,215,214,DIGBOI,HANDED_OVER,OPERATIVE,Partially Operative,P&RD - 15 FC,ON PROCESS,NO,NO,,,,LOW VOLTAGE ISSUE,,Tariff Collection: NO,,100,,
637,15459,30185183,DIGBOI,DIGBOI,BURIDIHING,NEW,NON TEA GARDEN,BORHOLLONG NAGAON NO 1 PWSS,NIHA,HAREN MAHANTA,176,0,DIGBOI,ONGOING,,Non Operative,,,,,,,,,,Tariff Collection: NO,,32,,
638,11839,30216854,DIGBOI,DIGBOI,BURIDIHING,NEW,NON TEA GARDEN,BORHOLLONG NAGAON NO 3 PWSS,NIHA,SRI JAYANTA KHAUND,253,182,DIGBOI,HANDED_OVER,OPERATIVE,Partially Operative,P&RD - 15 FC,ON PROCESS,NO,NO,,,,,,Tariff Collection: NO,,51,,
639,15482,30185207,DIGBOI,DIGBOI,BURIDIHING,NEW,NON TEA GARDEN,BORHOLLONG NO.3 BHUYAN CHUK PWSS,NIHA,HAREN MAHANTA,144,0,DIGBOI,ONGOING,,Non Operative,,,,,,,,,,Tariff Collection: NO,,51,,
641,16148,30190180,DIGBOI,DIGBOI,BURIDIHING,NEW,NON TEA GARDEN,BURIDIHING BOKA PATHAR PWSS,NIHA,HAREN MAHANTA,101,0,DIGBOI,ONGOING,,Non Operative,,,,,,,,,,Tariff Collection: NO,,100,,
642,17225,30190704,DIGBOI,DIGBOI,BURIDIHING,NEW,NON TEA GARDEN,CHUTIA CHUCK.(BALIJAN) PWSS,NIHA,HAREN MAHANTA,156,0,DIGBOI,ONGOING,,Non Operative,,,,,,,,,,Tariff Collection: NO,,100,,
644,11840,30215962,DIGBOI,DIGBOI,BURIDIHING,NEW,NON TEA GARDEN,DOOMDOOMA F.V PWSS,NIHA,SRI JAYANTA KHAUND,234,209,DIGBOI,HANDED_OVER,OPERATIVE,Fully Operative,,,,,,,,,,Tariff Collection: NO,,26,,
645,15414,30223137,DIGBOI,DIGBOI,DUARMARA,NEW,NON TEA GARDEN,DUARMARA NO 2 PWSS,PUBALI,HAREN MAHANTA,208,0,DIGBOI,ONGOING,,Non Operative,,,,,,,,,,Tariff Collection: NO,,78,,
646,16311,30217094,DIGBOI,DIGBOI,DUARMARA,NEW,NON TEA GARDEN,DUWARMARA PATHER. PWSS,PUBALI,M/S Electro Mechnico Projects (P) Ltd,194,138,DIGBOI,HANDED_OVER,OPERATIVE,Non Operative,P&RD - 15 FC,ON PROCESS,NO,NO,,,,,,Tariff Collection: NO,,100,,
647,11858,30015346,DIGBOI,DIGBOI,DUARMARA,NEW,TEA GARDEN SCHEME,DUWARMARA T.E 17(NLA) PWSS,PUBALI,SRI KAUSHAL SHARMA,259,235,DIGBOI,HANDED_OVER,OPERATIVE,Non Operative,,ON PROCESS,NO,,,,,,,Tariff Collection: NO,,71,,
648,11861,30217124,DIGBOI,DIGBOI,DUARMARA,NEW,NON TEA GARDEN,DUWARMARA T.E 259WLA PWSS,PUBALI,SRI JAYANTA KHAUND,222,142,DIGBOI,HANDED_OVER,PARTIALLY_OPERATIVE,Partially Operative,P&RD - 15 FC,,,,,,,,Leakage in Distribution Line,Tariff Collection: NO,,82,,
649,16321,30191664,DIGBOI,DIGBOI,DUARMARA,NEW,NON TEA GARDEN,DWARMARA T.E 304WLA PWSS,PUBALI,Braja Nath Gogoi,236,235,DIGBOI,HANDED_OVER,OPERATIVE,Partially Operative,P&RD - 15 FC,YES,YES,YES,113863,NOMITA CHUTIA,,,,Tariff Collection: NO,,66,,
650,16153,30036771,DIGBOI,DIGBOI,BURIDIHING,NEW,NON TEA GARDEN,F V SCHOOL CHUCK PWSS,NIHA,Braja Nath Gogoi,184,150,DIGBOI,HANDED_OVER,OPERATIVE,Fully Operative,P&RD - 15 FC,YES,YES,YES,70520,Divya Jyoti Duwarah ,Completed,,,Tariff Collection: NO,,52,,
654,15424,30193258,DIGBOI,DIGBOI,BIJULIBAN,NEW,NON TEA GARDEN,HAHKHATA RAHBARI GAON PWSS,NIHA,HAREN MAHANTA,205,0,DIGBOI,ONGOING,,Non Operative,,,,,,,,,,Tariff Collection: NO,,100,,
655,16156,30217421,DIGBOI,DIGBOI,BIJULIBAN,NEW,NON TEA GARDEN,HOLLONG GURI PWSS,NIHA,HAREN MAHANTA,78,65,DIGBOI,ONGOING,,Non Operative,,,,,,,,,,Tariff Collection: NO,,60,,
656,17216,30196162,DIGBOI,DIGBOI,BURIDIHING,NEW,NON TEA GARDEN,HOLLONG NA GAON NO.2 PWSS,NIHA,HAREN MAHANTA,153,0,DIGBOI,ONGOING,,Non Operative,,,,,,,,,,Tariff Collection: NO,,50,,
657,16163,30196213,DIGBOI,DIGBOI,BURIDIHING,NEW,NON TEA GARDEN,HOLLOWGUTIBARI N.C.1 PWSS,NIHA,HAREN MAHANTA,263,0,DIGBOI,ONGOING,,Non Operative,,,,,,,,,,Tariff Collection: NO,,100,,
664,16327,30202782,DIGBOI,DIGBOI,DUARMARA,NEW,NON TEA GARDEN,NALANI GAON NC PWSS,PUBALI,PANKAJ DAS,139,126,DIGBOI,HANDED_OVER,PARTIALLY_OPERATIVE,Partially Operative,P&RD - 15 FC,YES,YES,YES,92502.5,PANKAJ DAS,,,Pipeline Damage due to PWD road construction or Augmentation,Tariff Collection: YES,Estimated Submitted to P&RD - Work Ongoing,100,,
665,16338,30202820,DIGBOI,DIGBOI,DUARMARA,NEW,NON TEA GARDEN,NALANI GAON NO.2 PWSS,PUBALI,PANKAJ DAS,205,205,DIGBOI,HANDED_OVER,OPERATIVE,Partially Operative,P&RD - 15 FC,,,,,,,LOW VOLTAGE ISSUE,,Tariff Collection: YES,,100,,
667,15441,30200785,DIGBOI,DIGBOI,BIJULIBAN,NEW,NON TEA GARDEN,NATUN MAITHONG NO.1 PWSS,NIHA,HAREN MAHANTA,202,174,DIGBOI,ONGOING,,Non Operative,,,,,,,,,,Tariff Collection: NO,,68,,
668,15444,30200824,DIGBOI,DIGBOI,BIJULIBAN,NEW,NON TEA GARDEN,NATUN MAITHONG PT 1 PWSS,NIHA,HAREN MAHANTA,128,0,DIGBOI,ONGOING,,Non Operative,,,,,,,,,,Tariff Collection: NO,,100,,
669,11841,30216241,DIGBOI,DIGBOI,BURIDIHING,NEW,NON TEA GARDEN,PHILLOBARI NA GAON FOREST VILLAGE PWSS,NIHA,SRI JAYANTA KHAUND,250,180,DIGBOI,HANDED_OVER,OPERATIVE,Fully Operative,P&RD - 15 FC,YES,YES,YES,168664,Divya Jyoti Duwarah ,Completed,,,Tariff Collection: YES,,100,,
670,17001,30019024,DIGBOI,DIGBOI,BIJULIBAN,NEW,TEA GARDEN SCHEME,PHILLOBARI T.E. 34 WL PWSS,NIHA,PAWAN COMMUNICATION,360,360,DIGBOI,HANDED_OVER,OPERATIVE,Partially Operative,PWD,YES,NO,NO,272626,,,Approx 600m pipeline damaged from Phillobari main Tiniali Road to Hulung Guti Bari road via Army camp.,,Tariff Collection: NO,Estimated Submitted to P&RD - Work Ongoing,100,,
671,11797,30196593,DIGBOI,DIGBOI,BIJULIBAN,NEW,TEA GARDEN SCHEME,PHILLOBARI T.E.-DARKHAST NO.306 PWSS,NIHA,HAREN MAHANTA,255,233,DIGBOI,ONGOING,,Non Operative,,,,,,,,,,Tariff Collection: NO,,49,,
672,17659,30216251,DIGBOI,DIGBOI,BIJULIBAN,NEW,TEA GARDEN SCHEME,PHILLOBARI T.E.CO.(DARKHAST 284-285) PWSS,NIHA,SRI JAYANTA KHAUND,311,305,DIGBOI,ONGOING,,Non Operative,,,,,,,,,,Tariff Collection: NO,,52,,
676,11843,30199818,DIGBOI,DIGBOI,BURIDIHING,NEW,NON TEA GARDEN,RATANI BLOCK N.C. PWSS,NIHA,SRI JAYANTA KHAUND,207,153,DIGBOI,ONGOING,,Non Operative,,,,,,,,,,Tariff Collection: NO,,100,,
677,16170,30199827,DIGBOI,DIGBOI,BURIDIHING,NEW,NON TEA GARDEN,RATANI PATHER PWSS,NIHA,HAREN MAHANTA,205,0,DIGBOI,ONGOING,,Non Operative,,,,,,,,,,Tariff Collection: NO,Estimated Submitted to P&RD - Work Ongoing,100,,
683,17208,30181939,DIGBOI,DIGBOI,BURIDIHING,NEW,NON TEA GARDEN,SCHOOL CHUCK-HOLLONG GUTI BARI N.C. NO.2 PWSS,NIHA,HAREN MAHANTA,135,0,DIGBOI,ONGOING,,Non Operative,,,,,,,,,,Tariff Collection: YES,,100,,
693,16175,30183802,DIGBOI,DIGBOI,BURIDIHING,NEW,NON TEA GARDEN,TARANI BAN GAON PWSS,NIHA,HAREN MAHANTA,106,0,DIGBOI,ONGOING,,Non Operative,,,,,,,,,,Tariff Collection: NO,,100,,
694,16181,30183828,DIGBOI,DIGBOI,BURIDIHING,NEW,NON TEA GARDEN,TARANI GAON PWSS,NIHA,HAREN MAHANTA,133,0,DIGBOI,ONGOING,,Non Operative,,,,,,,,,,Tariff Collection: NO,,33,,
695,16190,30183840,DIGBOI,DIGBOI,BURIDIHING,NEW,NON TEA GARDEN,TARANI PATHAR NO.2 PWSS,NIHA,HAREN MAHANTA,144,0,DIGBOI,ONGOING,,Non Operative,,,,,,,,,,Tariff Collection: NO,,44,,
699,15450,30185227,DIGBOI,DIGBOI,BIJULIBAN,NEW,NON TEA GARDEN,UJANI MAITHONG PWSS,NIHA,HAREN MAHANTA,107,91,DIGBOI,ONGOING,,Non Operative,,,,,,,,,,Tariff Collection: YES,,100,,
774,17844,30216360,DIGBOI,DIGBOI,PANIKHOWA,NEW,NON TEA GARDEN,2 NO.TOKOWANI GAON PWSS,PUJA,M/S Tirupati & Associates,163,116,DIGBOI,ONGOING,,Non Operative,,,,,,,,,,Tariff Collection: YES,,100,,
781,10912,30016123,DIGBOI,DIGBOI,BOGAPANI,NEW,NON TEA GARDEN,BOGAPANI BON GAON. PWSS,PUJA,Udeepta Phukan,207,207,DIGBOI,HANDED_OVER,OPERATIVE,Partially Operative,P&RD - 15 FC,YES,NO,,,,,,,Tariff Collection: NO,,100,,
782,17726,30184887,DIGBOI,DIGBOI,BOGAPANI,NEW,TEA GARDEN SCHEME,BOGAPANI T.E FACTORY LINE PWSS,PUJA,Kalyan Chetia,67,50,DIGBOI,HANDED_OVER,OPERATIVE,Non Operative,OTHERS - PL SPECIFY IN REMARKS,,,,,NO JALMITRAS,,,,Tariff Collection: NO,,77,,
783,17720,30009395,DIGBOI,DIGBOI,BOGAPANI,NEW,TEA GARDEN SCHEME,BOGAPANI T.E LABOUR LINE NO.10 PWSS,PUJA,SARDA UDYOG,165,165,DIGBOI,HANDED_OVER,OPERATIVE,Fully Operative,,,,,,,,,,Tariff Collection: NO,,59,,
784,17717,30082145,DIGBOI,DIGBOI,BOGAPANI,NEW,TEA GARDEN SCHEME,BOGAPANI T.E. HOSPITAL AREA PWSS,PUJA,Sri Jitu Hazarika,148,150,DIGBOI,HANDED_OVER,OPERATIVE,Fully Operative,,,,,,,,,,Tariff Collection: NO,,100,,
785,17729,30013968,DIGBOI,DIGBOI,BOGAPANI,NEW,TEA GARDEN SCHEME,BOGAPANI T.E. LABOUR LINE NO.16 PWSS,PUJA,M/S Kaatskill Engineering Works,175,175,DIGBOI,HANDED_OVER,OPERATIVE,Fully Operative,,,,,,,,,,Tariff Collection: NO,Estimates Already send under SOPD to HQ,100,YES,1253732
786,17723,30014234,DIGBOI,DIGBOI,BOGAPANI,NEW,TEA GARDEN SCHEME,BOGAPANI T.E. LABOUR LINE NO.2 PWSS,PUJA,M/S Kaatskill Engineering Works,180,180,DIGBOI,HANDED_OVER,OPERATIVE,Fully Operative,,,,,,,,,,Tariff Collection: YES,Estimate Under Prepration in Division and will be sent to P&RD,100,,
787,17725,30014242,DIGBOI,DIGBOI,BOGAPANI,NEW,TEA GARDEN SCHEME,BOGAPANI T.E. LABOUR LINE NO.3 PWSS,PUJA,SARDA UDYOG,160,160,DIGBOI,HANDED_OVER,NON_OPERATIVE,Non Operative,P&RD - 15 FC,YES,NO,NO,,MIRAJ MORAN,Ongoing,DUE TO  AB CABLE DAMAGE  ESTIMATE NEED TO  REPARE,Submersible Pump Malfunction,Tariff Collection: NO,,100,,
788,10910,30017374,DIGBOI,DIGBOI,BOGAPANI,NEW,TEA GARDEN SCHEME,BOGAPANI T.E. LABOUR LINE NO.33 PWSS,PUJA,M/S New Techno Worth,234,189,DIGBOI,HANDED_OVER,OPERATIVE,Fully Operative,,,,,,,,,,Tariff Collection: NO,,100,,
789,10911,30017376,DIGBOI,DIGBOI,BOGAPANI,NEW,TEA GARDEN SCHEME,BOGAPANI T.E. LABOUR LINE NO.36 PWSS,PUJA,Nayan Jyoti Gogoi,228,227,DIGBOI,HANDED_OVER,PARTIALLY_OPERATIVE,Non Operative,P&RD - 15 FC,YES,NO,,,,,,Pipeline damage (other third parties):Leakage in Distribution Line,Tariff Collection: NO,,84,,
832,17853,30203942,DIGBOI,DIGBOI,PANIKHOWA,NEW,NON TEA GARDEN,NO.1 NAZIRATING GAON PWSS,PUJA,Udeepta Phukan,156,156,DIGBOI,HANDED_OVER,OPERATIVE,Fully Operative,P&RD - 15 FC,YES,YES,YES,93442,MIRAJ MORAN,Completed,,,Tariff Collection: NO,,91,,
833,17856,30184070,DIGBOI,DIGBOI,PANIKHOWA,NEW,NON TEA GARDEN,NO.1 TOKOWANI GAON. PWSS,PUJA,M/S EMBEE ASSOCIATES,273,139,DIGBOI,ONGOING,,Non Operative,,,,,,,,,,Tariff Collection: NO,,86,,
834,11389,30216944,DIGBOI,DIGBOI,PANIKHOWA,NEW,NON TEA GARDEN,NO.2 ASSAMIYA GAON. PWSS,PUJA,Babar Ali Khan,233,94,DIGBOI,ONGOING,NON_OPERATIVE,Non Operative,,,,,,,,,,Tariff Collection: NO,,76,,
837,11390,30082049,DIGBOI,DIGBOI,PANIKHOWA,NEW,NON TEA GARDEN,PANIKHOWA GAON PWSS,PUJA,Anil Phukan,235,241,DIGBOI,HANDED_OVER,NON_OPERATIVE,Non Operative,P&RD - 15 FC,YES,NO,NO,,MIRAJ MORAN,Ongoing,DUE TO  AB CABLE DAMAGE ESTIMATE NEED TO  PREPARE AGAIN,Submersible Pump Malfunction,Tariff Collection: NO,,84,,
841,17863,30199520,DIGBOI,DIGBOI,PANIKHOWA,NEW,NON TEA GARDEN,RAIDANG PATHAR GAON PWSS,PUJA,Nortech Power Projects Pvt. Ltd.,470,464,DIGBOI,HANDED_OVER,OPERATIVE,Non Operative,PHE Contractor - Under DLP,,,,,,,,,Tariff Collection: NO,,84,,
846,17866,30183435,DIGBOI,DIGBOI,PANIKHOWA,NEW,NON TEA GARDEN,SONAR BASTI. PWSS,PUJA,Nortech Power Projects Pvt. Ltd.,160,104,DIGBOI,HANDED_OVER,OPERATIVE,Non Operative,OTHERS - PL SPECIFY IN REMARKS,,,,,,,INACTIVE JALMITRA,,Tariff Collection: NO,,75,,
847,11392,30023191,DIGBOI,DIGBOI,PANIKHOWA,NEW,NON TEA GARDEN,SUKANPUKHURI GAON PWSS,PUJA,M/S Upper Assam Associates,220,221,DIGBOI,HANDED_OVER,OPERATIVE,Fully Operative,,,,,,,,,,Tariff Collection: NO,,85,,
848,17731,30077237,DIGBOI,DIGBOI,BOGAPANI,NEW,NON TEA GARDEN,TAMULI BON GAON PWSS,PUJA,Sri Jitu Hazarika,149,91,DIGBOI,HANDED_OVER,OPERATIVE,Fully Operative,,,,,,,,,,Tariff Collection: NO,,82,,
849,17869,30183978,DIGBOI,DIGBOI,PANIKHOWA,NEW,NON TEA GARDEN,THAPA BASTI PWSS,PUJA,Nayan Jyoti Gogoi,127,93,DIGBOI,ONGOING,,Non Operative,,,,,,,,,,Tariff Collection: NO,,100,,
904,5236,8230660,DIGBOI,DIGBOI,KAILASHPUR,RETROFITTING,NON TEA GARDEN,Talpather PWSS,ANUPAM,Gagan Lahkar,45,45,DIGBOI,HANDED_OVER,NON_OPERATIVE,Non Operative,SOPD,,,,,,,,Pipeline Damage due to PWD road construction or Augmentation,Tariff Collection: NO,,91,,
906,31740,30222987,DIGBOI,DIGBOI,KAILASHPUR,RETROFITTING,NON TEA GARDEN,KAILASHPUR PWSS,ANUPAM,M/S B.B. ENTERPRISE PROP.- SRI BISWAJIT CHUTIA,,,DIGBOI,HANDED_OVER,OPERATIVE,Partially Operative,P&RD - 15 FC,YES,YES,YES,99869,Jugita Saikia Moran,Ongoing,,,Tariff Collection: NO,,89,,
912,2187,8176107,DIGBOI,DIGBOI,BORBIL,RETROFITTING,NON TEA GARDEN,BALIJAN PWSS,PUJA,M/S AFCONS,471,471,DIGBOI,ONGOING,PARTIALLY_OPERATIVE,,,,,,,,,,,Tariff Collection: NO,,100,,
913,2190,8176118,DIGBOI,DIGBOI,BORBIL,RETROFITTING,NON TEA GARDEN,BORBIL NO 1 PWSS,PUJA,Gautam Gogoi,87,263,DIGBOI,HANDED_OVER,PARTIALLY_OPERATIVE,Partially Operative,P&RD - 15 FC,YES,NO,,,,,,Leakage in Distribution Line:Electrical fault in panel board:Valve Leakage/Damage:Pipeline damage (other third parties),Tariff Collection: YES,,100,,
914,2055,8176326,DIGBOI,DIGBOI,BORBIL,RETROFITTING,NON TEA GARDEN,BORBIL NO.2 PWSS,PUJA,Gautam Gogoi,440,440,DIGBOI,HANDED_OVER,NON_OPERATIVE,Non Operative,P&RD - 15 FC,YES,YES,YES,67431,DUSHYANTA BORAH,Not Started,,Centrifugal Pump Malfunction,Tariff Collection: NO,,70,,
915,2272,8177216,DIGBOI,DIGBOI,BORBIL,RETROFITTING,NON TEA GARDEN,BORJAN (D) PWSS,PUJA,M/S S.B. ENGINEERING PROP.-SUBRATA BHOWMICK,214,214,DIGBOI,HANDED_OVER,OPERATIVE,Partially Operative,P&RD - 15 FC,ON PROCESS,NO,,,,,,,Tariff Collection: NO,,70,,
916,2279,8175174,DIGBOI,DIGBOI,GOLAI,RETROFITTING,NON TEA GARDEN,DHEKIAJAN PWSS,PUJA,ARUPJYOTI GOGOI,200,202,DIGBOI,ONGOING,PARTIALLY_OPERATIVE,,,,,,,,,,,Tariff Collection: NO,,75,,
917,2288,8176414,DIGBOI,DIGBOI,GOLAI,RETROFITTING,NON TEA GARDEN,GOLAI NO. 3 PWSS,PUJA,Sukanta Bhattacharjee,185,185,DIGBOI,HANDED_OVER,PARTIALLY_OPERATIVE,Partially Operative,P&RD - 15 FC,YES,NO,,,,,,Valve Leakage/Damage,Tariff Collection: NO,Estimates Already send under SOPD to HQ,100,,
918,2286,8176838,DIGBOI,DIGBOI,GOLAI,RETROFITTING,NON TEA GARDEN,GOLAI NO.1 PWSS,PUJA,M/S AFCONS,338,553,DIGBOI,HANDED_OVER,PARTIALLY_OPERATIVE,Fully Operative,P&RD - 15 FC,YES,YES,YES,245450,AMRIT MANDAL,Completed,,Pipeline damage (other third parties),Tariff Collection: NO,Estimated Submitted to P&RD - Work Ongoing,100,,
919,2313,8176927,DIGBOI,DIGBOI,TINGRAI,RETROFITTING,NON TEA GARDEN,MAMORONI PWSS,PUJA,ARUPJYOTI GOGOI,140,140,DIGBOI,HANDED_OVER,OPERATIVE,Partially Operative,P&RD - 15 FC,YES,NO,,,,,,,Tariff Collection: NO,,84,,
920,2319,8238992,DIGBOI,DIGBOI,GOLAI,RETROFITTING,NON TEA GARDEN,PANBARI PWSS,PUJA,PANKAJ DAS,355,355,DIGBOI,HANDED_OVER,OPERATIVE,Fully Operative,,,,,,,,,,Tariff Collection: NO,,68,,
923,5868,8230431,DIGBOI,DIGBOI,TINGRAI,RETROFITTING,NON TEA GARDEN,ASSAMIYA GAON NO.1 PWSS,PUJA,S.B ENGINEERING,150,153,DIGBOI,HANDED_OVER,OPERATIVE,Fully Operative,,,,,,,,,,Tariff Collection: NO,,65,,
924,5255,8230566,DIGBOI,DIGBOI,GOLAI,RETROFITTING,NON TEA GARDEN,KHERJAN PWSS,PUJA,DULAL CHANDRA MECH,113,114,DIGBOI,ONGOING,PARTIALLY_OPERATIVE,,,,,,,,,,,Tariff Collection: NO,,84,,
925,5841,8230097,DIGBOI,DIGBOI,TINGRAI,RETROFITTING,NON TEA GARDEN,TINGRAI GAON PWSS,PUJA,M/s RPG Enterprise,209,205,DIGBOI,HANDED_OVER,OPERATIVE,Partially Operative,P&RD - 15 FC,YES,NO,,,,,,,Tariff Collection: NO,,75,,
937,1969,8176323,DIGBOI,DIGBOI,TONGONA,RETROFITTING,NON TEA GARDEN,KACHIJAN NO.2 PWSS,PARISHMITA,KUMUD CHANDRA DOHUTIA,50,56,DIGBOI,HANDED_OVER,PARTIALLY_OPERATIVE,Non Operative,P&RD - 15 FC,YES,YES,YES,91489,Namita Chutia,Not Started,,Pipeline damage (other third parties),Tariff Collection: YES,,100,,
940,2021,8177074,DIGBOI,DIGBOI,TONGONA,RETROFITTING,NON TEA GARDEN,TONGONA PWSS,PARISHMITA,PANKAJ DAS,138,134,DIGBOI,HANDED_OVER,OPERATIVE,Fully Operative,,,,,,,,,,Tariff Collection: YES,,100,,
952,9032,8236887,DIGBOI,DIGBOI,TONGONA,RETROFITTING,NON TEA GARDEN,KULIBIL GAON PWSS,PARISHMITA,GAGAN LAHKAR,92,92,DIGBOI,HANDED_OVER,OPERATIVE,Fully Operative,,,,,,,,,,Tariff Collection: NO,,86,,
955,31650,30223063,DIGBOI,DIGBOI,TONGONA,RETROFITTING,NON TEA GARDEN,HATIGARH PWSS,PARISHMITA,PABAN GOGOI,,,DIGBOI,HANDED_OVER,OPERATIVE,Non Operative,P&RD - 15 FC,YES,YES,YES,166696,Karna Dohutia,Not Started,,,Tariff Collection: NO,,92,,
970,5258,8229509,DIGBOI,DIGBOI,PAWOI,RETROFITTING,NON TEA GARDEN,POWAI PWSS,PRANTOR,m/s BARUAH ENTERPRISE,110,110,DIGBOI,HANDED_OVER,OPERATIVE,Fully Operative,,,,,,,,,,Tariff Collection: YES,,100,,
973,1952,8177034,DIGBOI,DIGBOI,BORHAPJAN,RETROFITTING,NON TEA GARDEN,SANTIPUR GAON PWSS,RANJITA,Anthony Moran,99,99,TINSUKIA,HANDED_OVER,OPERATIVE,Partially Operative,P&RD - 15 FC,ON PROCESS,,,,,,,,Tariff Collection: NO,,100,,
977,5377,8227475,DIGBOI,DIGBOI,BORHAPJAN,RETROFITTING,NON TEA GARDEN,BENGALI BALIJAN PWSS,RANJITA,Nortech Power Projects Pvt. Ltd.,90,90,TINSUKIA,ONGOING,,Non Operative,,,,,,,,,,Tariff Collection: NO,,100,,
978,5584,8235764,DIGBOI,DIGBOI,BORHAPJAN,RETROFITTING,NON TEA GARDEN,BOR HAPJAN PWSS,RANJITA,Nortech Power Projects Pvt. Ltd.,130,177,TINSUKIA,HANDED_OVER,PARTIALLY_OPERATIVE,Partially Operative,PWD,YES,,,769790,,,,Leakage in Distribution Line,Tariff Collection: YES,,100,,
979,5587,8227297,DIGBOI,DIGBOI,BORHAPJAN,RETROFITTING,NON TEA GARDEN,BORTORONI PWSS,RANJITA,Nortech Power Projects Pvt. Ltd.,116,116,TINSUKIA,HANDED_OVER,PARTIALLY_OPERATIVE,Partially Operative,PWD,YES,,,752546,,,,Feeder cable (Other) damage,Tariff Collection: NO,,100,,
1009,2270,8177248,DIGBOI,DIGBOI,BURIDIHING,RETROFITTING,NON TEA GARDEN,BORHOLLONG PATHER PWSS,NIHA,RAMEN SONOWAL,69,69,DIGBOI,HANDED_OVER,OPERATIVE,Non Operative,P&RD - 15 FC,YES,YES,YES,145609,Divya Jyoti Duwarah ,Ongoing,,,Tariff Collection: NO,,90,,
1015,5253,8229600,DIGBOI,DIGBOI,BIJULIBAN,RETROFITTING,NON TEA GARDEN,MAILAPUNG PWSS,NIHA,Jugita Saikia Moran,107,107,DIGBOI,HANDED_OVER,OPERATIVE,Partially Operative,P&RD - 15 FC,YES,YES,YES,151790.02,Pankaj Das,Ongoing,,,Tariff Collection: NO,,54,,
1031,1941,8176305,DIGBOI,DIGBOI,BOGAPANI,RETROFITTING,NON TEA GARDEN,BOGAPANI PWSS,PUJA,Tarun Paul,114,140,DIGBOI,HANDED_OVER,OPERATIVE,Partially Operative,P&RD - 15 FC,YES,NO,,,,,,,Tariff Collection: NO,,57,,
1036,4722,6536386,DIGBOI,DIGBOI,PANIKHOWA,RETROFITTING,NON TEA GARDEN,RAIDANG BENGALI PWSS,PUJA,SRI DEBOJIT PHUKAN,68,76,DIGBOI,HANDED_OVER,OPERATIVE,Fully Operative,P&RD - 15 FC,YES,YES,YES,91939,MIRAJ MORAN,Completed,,,Tariff Collection: NO,,90,,
129,17914,30183256,DOOMDOOMA,DOOMDOOMA,TIPUK,NEW,NON TEA GARDEN,BANGALI BALIJAN PWSS,ASIF,M/s Shri Ohm Construction,200,197,TINSUKIA,ONGOING,NON_OPERATIVE,Non Operative,,,,,,,,,,Tariff Collection: YES,Estimated Submitted to P&RD - Work Not Started,100,,
130,11080,30075973,DOOMDOOMA,DOOMDOOMA,DOIMUKHIA,NEW,TEA GARDEN SCHEME,BISA KUPI T.E. 73 FS. PWSS,ASIF,M/S Capital Enterprise,286,200,TINSUKIA,ONGOING,NON_OPERATIVE,Non Operative,,,,,,,,,,Tariff Collection: YES,,100,,
131,11086,30036163,DOOMDOOMA,DOOMDOOMA,DOIMUKHIA,NEW,TEA GARDEN SCHEME,BISAKUPI T.E. 72 FS. PWSS,ASIF,M/S Nunu Enterprise,396,303,TINSUKIA,ONGOING,NON_OPERATIVE,Non Operative,,,,,,,,,,Tariff Collection: NO,,90,,
132,11087,30082214,DOOMDOOMA,DOOMDOOMA,DOIMUKHIA,NEW,TEA GARDEN SCHEME,BISSAKUPI T.E. 72 WL PWSS,ASIF,M/S Soumya Nirman And Construction Pvt. Ltd.,213,193,TINSUKIA,ONGOING,NON_OPERATIVE,Non Operative,,,,,,,,,,Tariff Collection: NO,,72,,
133,17765,30190729,DOOMDOOMA,DOOMDOOMA,DOIMUKHIA,NEW,NON TEA GARDEN,DAIMUKHIYA GAON BAZAR LINE PWSS,ASIF,Gautam Gogoi,143,101,TINSUKIA,ONGOING,NON_OPERATIVE,Non Operative,,,,,,,,,,Tariff Collection: NO,,62,,
134,11089,30036177,DOOMDOOMA,DOOMDOOMA,DOIMUKHIA,NEW,NON TEA GARDEN,DAIMUKHIYA GAON PWSS,ASIF,M/S Nunu Enterprise,392,275,TINSUKIA,ONGOING,NON_OPERATIVE,Non Operative,,,,,,,,,,Tariff Collection: YES,,100,,
136,11090,30082247,DOOMDOOMA,DOOMDOOMA,DOIMUKHIA,NEW,TEA GARDEN SCHEME,DAIMUKHIYA T.E. 12 WL PWSS,ASIF,M/S Soumya Nirman And Construction Pvt. Ltd.,207,201,TINSUKIA,ONGOING,NON_OPERATIVE,Non Operative,,,,,,,,,,Tariff Collection: NO,,100,,
137,17766,30166874,DOOMDOOMA,DOOMDOOMA,DOIMUKHIA,NEW,TEA GARDEN SCHEME,DAIMUKHIYA T.E. 13-34-49 WL PWSS,ASIF,Sandeep Kumar Agarwal,182,185,TINSUKIA,HANDED_OVER,OPERATIVE,Partially Operative,P&RD - 15 FC,YES,YES,YES,99917,BISHNU RAI GHATUWAR ,Ongoing,,,Tariff Collection: NO,,100,,
138,11091,30216893,DOOMDOOMA,DOOMDOOMA,DOIMUKHIA,NEW,TEA GARDEN SCHEME,DAIMUKHIYA T.E. 25-26 WL PWSS,ASIF,M/S Soumya Nirman And Construction Pvt. Ltd.,277,31,TINSUKIA,ONGOING,NON_OPERATIVE,Non Operative,,,,,,,,,,Tariff Collection: NO,,100,,
139,11092,30216901,DOOMDOOMA,DOOMDOOMA,DOIMUKHIA,NEW,TEA GARDEN SCHEME,DAIMUKHIYA T.E. 83 WL PWSS,ASIF,M/S Capital Enterprise,361,327,TINSUKIA,ONGOING,NON_OPERATIVE,Non Operative,,,,,,,,,,Tariff Collection: NO,,100,,
141,17918,30191214,DOOMDOOMA,DOOMDOOMA,TIPUK,NEW,NON TEA GARDEN,DARIABHETI GAON PWSS,ASIF,Jyoti Prasad Sarma,123,120,TINSUKIA,HANDED_OVER,OPERATIVE,Partially Operative,P&RD - 15 FC,ON PROCESS,NO,NO,,,,,,Tariff Collection: NO,Estimated Submitted to P&RD - Work Ongoing,100,,
142,10904,30216935,DOOMDOOMA,DOOMDOOMA,BANDARKHATI,NEW,TEA GARDEN SCHEME,DIAMULI T.E. 11 NLR PWSS,SUMU,M/S Nunu Enterprise,401,400,TINSUKIA,ONGOING,NON_OPERATIVE,Non Operative,,,,,,,,,,Tariff Collection: NO,Estimated Submitted to P&RD - Work Ongoing,100,,
143,10905,30216943,DOOMDOOMA,DOOMDOOMA,BANDARKHATI,NEW,TEA GARDEN SCHEME,DIAMULI T.E. 139-136 NLR PWSS,SUMU,M/s Shri Ohm Construction,297,132,TINSUKIA,ONGOING,NON_OPERATIVE,Non Operative,,,,,,,,,,Tariff Collection: NO,,100,,
144,10906,30216997,DOOMDOOMA,DOOMDOOMA,BANDARKHATI,NEW,TEA GARDEN SCHEME,DIAMULI T.E. 141-138 NLR,SUMU,M/S Nunu Enterprise,362,280,TINSUKIA,ONGOING,NON_OPERATIVE,Non Operative,,,,,,,,,,Tariff Collection: YES,,100,,
145,17694,30191252,DOOMDOOMA,DOOMDOOMA,BANDARKHATI,NEW,NON TEA GARDEN,DIAMULI T.E. 168-144-195-193 N,SUMU,M/S S.K. ASSOCIATES,222,222,TINSUKIA,HANDED_OVER,NON_OPERATIVE,Non Operative,SOPD,YES,NO,NO,1758470,,,Awaiting for SOPD Approval,Feeder cable (AB) damage,Tariff Collection: NO,,100,,
146,10907,30076259,DOOMDOOMA,DOOMDOOMA,BANDARKHATI,NEW,TEA GARDEN SCHEME,DIAMULI T.E. 205-203 PWSS,SUMU,M/S PURBVATTAR ENTERPRISE,458,415,TINSUKIA,HANDED_OVER,NON_OPERATIVE,Non Operative,P&RD - 15 FC,YES,YES,YES,91400,BISHNU RAI GHATUWAR,Ongoing,,Transformer Damage,Tariff Collection: YES,,100,,
151,11418,30217147,DOOMDOOMA,DOOMDOOMA,TIPUK,NEW,NON TEA GARDEN,GARUMORATUP GAON PWSS,ASIF,M/S Soumya Nirman And Construction Pvt. Ltd.,216,197,TINSUKIA,ONGOING,NON_OPERATIVE,Non Operative,,,,,,,,,,Tariff Collection: YES,,100,,
152,17702,30200080,DOOMDOOMA,DOOMDOOMA,BANDARKHATI,NEW,TEA GARDEN SCHEME,RUPAI T.E. 249-246-265-250 PWSS,SUMU,M/S M.D. Trade & Agency,93,94,TINSUKIA,HANDED_OVER,OPERATIVE,Fully Operative,,,,,,,,,,Tariff Collection: YES,,100,,
153,11419,30016657,DOOMDOOMA,DOOMDOOMA,TIPUK,NEW,TEA GARDEN SCHEME,TIPUK T.E 101 PART 1 PWSS,ASIF,M/S PURBVATTAR ENTERPRISE,514,274,TINSUKIA,HANDED_OVER,OPERATIVE,Partially Operative,P&RD - 15 FC,YES,YES,YES,98824, BISHNU RAI GHATUWAR ,Ongoing,,,Tariff Collection: YES,,100,,
154,11420,30075967,DOOMDOOMA,DOOMDOOMA,TIPUK,NEW,TEA GARDEN SCHEME,TIPUK T.E 102 PART 1 PWSS,ASIF,M/S Capital Enterprise,356,353,TINSUKIA,ONGOING,NON_OPERATIVE,Non Operative,,,,,,,,,,Tariff Collection: NO,,100,,
155,17921,30184060,DOOMDOOMA,DOOMDOOMA,TIPUK,NEW,TEA GARDEN SCHEME,TIPUK T.E. 100 FS. PWSS,ASIF,M/S Maindeor Enterprise,461,348,TINSUKIA,ONGOING,NON_OPERATIVE,Non Operative,,,,,,,,,,Tariff Collection: YES,,100,,
347,22491,30218047,DOOMDOOMA,DOOMDOOMA,KOOMSANG,NEW,NON TEA GARDEN,1 NO CHALANGURI PT 2 PWSS,PARASHMONI,Navish Tulshyan,252,151,DIGBOI,ONGOING,NON_OPERATIVE,Non Operative,,,,,,,,,,Tariff Collection: NO,,100,,
352,11082,30183698,DOOMDOOMA,DOOMDOOMA,KOOMSANG,NEW,TEA GARDEN SCHEME,BISA KUPI T.E. 8 NO. L.C. PWSS,PARASHMONI,M/S Puna Hinda,441,428,DIGBOI,ONGOING,NON_OPERATIVE,Non Operative,,,,,,,,,,Tariff Collection: NO,Estimate Under Prepration in Division and will be sent to P&RD,100,,
353,17958,30184723,DOOMDOOMA,DOOMDOOMA,RONGAJAN,NEW,TEA GARDEN SCHEME,BOGAL GAON PWSS,PARASHMONI,Kalyan Chetia,110,110,DIGBOI,HANDED_OVER,OPERATIVE,Fully Operative,,,,,,,,,,Tariff Collection: NO,,97,,
356,17943,30020377,DOOMDOOMA,DOOMDOOMA,RONGAJAN,NEW,NON TEA GARDEN,BORJAN NC PWSS,PARASHMONI,Hridayananda Moran,142,158,DIGBOI,HANDED_OVER,OPERATIVE,Partially Operative,P&RD - 15 FC,YES,YES,YES,80889,Umesh Kurmi,Ongoing,,,Tariff Collection: NO,,100,,
358,17657,30190330,DOOMDOOMA,DOOMDOOMA,KOOMSANG,NEW,NON TEA GARDEN,CHARAP CHUCK PWSS,PARASHMONI,M/S Maindeor Enterprise,267,204,DIGBOI,ONGOING,NON_OPERATIVE,Non Operative,,,,,,,,,,Tariff Collection: YES,,100,,
361,17962,30076841,DOOMDOOMA,DOOMDOOMA,RONGAJAN,NEW,TEA GARDEN SCHEME,CHENGELI PWSS,PARASHMONI,Vinay Bhardwaj,110,110,DIGBOI,HANDED_OVER,OPERATIVE,Non Operative,P&RD - 15 FC,YES,YES,YES,74705,Umesh Kurmi,Ongoing, ,,Tariff Collection: NO,,71,,
362,11900,30110643,DOOMDOOMA,DOOMDOOMA,KOOMSANG,NEW,NON TEA GARDEN,CHITPANI CHUCK PWSS,PARASHMONI,SRI JAYANTA KHAUND,247,197,DIGBOI,HANDED_OVER,OPERATIVE,Partially Operative,P&RD - 15 FC,ON PROCESS,NO,NO,,,,,,Tariff Collection: NO,,100,,
363,17786,30036655,DOOMDOOMA,DOOMDOOMA,KOOMSANG,NEW,TEA GARDEN SCHEME,CHOWRA BASTI PWSS,PARASHMONI,M/S Maindeor Enterprise,196,101,DIGBOI,ONGOING,,Non Operative,,,,,,,,,,Tariff Collection: NO,,67,,
366,12155,30215816,DOOMDOOMA,DOOMDOOMA,RONGAJAN,NEW,TEA GARDEN SCHEME,DANGARI T.E.130 RS PWSS,PARASHMONI,SRI JAYANTA KHAUND,201,140,DIGBOI,HANDED_OVER,PARTIALLY_OPERATIVE,Partially Operative,P&RD - 15 FC,YES,YES,NO,172881,,,,Voltage or Load Issues,Tariff Collection: NO,,100,,
367,17966,30190800,DOOMDOOMA,DOOMDOOMA,RONGAJAN,NEW,TEA GARDEN SCHEME,DANGARI T.E.131 FS PWSS,PARASHMONI,M/s Shri Ohm Construction,79,60,DIGBOI,ONGOING,,Non Operative,,,,,,,,,,Tariff Collection: NO,,100,,
369,17968,30020439,DOOMDOOMA,DOOMDOOMA,RONGAJAN,NEW,TEA GARDEN SCHEME,DHUMKUNDA PWSS,PARASHMONI,Vinay Bhardwaj,170,210,DIGBOI,HANDED_OVER,OPERATIVE,Partially Operative,APDCL,Not Required,,,,,,Low voltage issues,,Tariff Collection: NO,,100,,
373,17971,30192989,DOOMDOOMA,DOOMDOOMA,RONGAJAN,NEW,NON TEA GARDEN,GHORA MORA PWSS,PARASHMONI,M/s Shri Ohm Construction,177,147,DIGBOI,ONGOING,,Non Operative,,,,,,,,,,Tariff Collection: NO,,49,,
377,22514,30218152,DOOMDOOMA,DOOMDOOMA,RONGAJAN,NEW,NON TEA GARDEN,HATI KHONA PART-2 PWSS,PARASHMONI,Navish Tulshyan,132,65,DIGBOI,ONGOING,,Non Operative,,,,,,,,,,Tariff Collection: NO,,73,,
379,17976,30025276,DOOMDOOMA,DOOMDOOMA,RONGAJAN,NEW,TEA GARDEN SCHEME,JUNGLE TOLA PWSS,PARASHMONI,Vinay Bhardwaj,197,197,DIGBOI,HANDED_OVER,OPERATIVE,Partially Operative,APDCL,Not Required,,,,,,Low voltage issues,,Tariff Collection: NO,Estimated Submitted to P&RD - Work Ongoing,100,,
384,11904,30023080,DOOMDOOMA,DOOMDOOMA,KOOMSANG,NEW,NON TEA GARDEN,KHARJAN GAON PWSS,PARASHMONI,SRI JAYANTA KHAUND,283,116,DIGBOI,HANDED_OVER,OPERATIVE,Non Operative,P&RD - 15 FC,ON PROCESS,NO,NO,,,,,,Tariff Collection: NO,,100,,
385,17768,30017884,DOOMDOOMA,DOOMDOOMA,KOOMSANG,NEW,TEA GARDEN SCHEME,KOOMSANG GRANT NO 1(LINE-7) PWSS,PARASHMONI,M/S Maindeor Enterprise,213,202,DIGBOI,ONGOING,,Non Operative,,,,,,,,,,Tariff Collection: NO,,100,,
386,17791,30114841,DOOMDOOMA,DOOMDOOMA,KOOMSANG,NEW,TEA GARDEN SCHEME,KOOMSANG GRANT NO 4(L-4) PWSS,PARASHMONI,M/S Maindeor Enterprise,148,100,DIGBOI,ONGOING,,Non Operative,,,,,,,,,,Tariff Collection: NO,,100,,
387,11397,30213029,DOOMDOOMA,DOOMDOOMA,KOOMSANG,NEW,TEA GARDEN SCHEME,KOOMSANG T.E.1/48(LINE-9) PWSS,PARASHMONI,SRI JAYANTA KHAUND,260,163,DIGBOI,HANDED_OVER,OPERATIVE,Partially Operative,P&RD - 15 FC,ON PROCESS,NO,NO,,,,,,Tariff Collection: NO,,100,,
388,17771,30114866,DOOMDOOMA,DOOMDOOMA,KOOMSANG,NEW,TEA GARDEN SCHEME,KOOMSANG T.E.NO 116(L-6) PWSS,PARASHMONI,M/S Itas G Pharma,191,139,DIGBOI,ONGOING,,Non Operative,,,,,,,,,,Tariff Collection: NO,,59,,
389,17775,30020455,DOOMDOOMA,DOOMDOOMA,KOOMSANG,NEW,TEA GARDEN SCHEME,KOOMSANG T.E.NO 146(LINE-18) PWSS,PARASHMONI,M/S Pallabjyoti Construction,231,240,DIGBOI,HANDED_OVER,OPERATIVE,Non Operative,P&RD - 15 FC,ON PROCESS,NO,NO,,,,,,Tariff Collection: NO,,0,,
390,17776,30021977,DOOMDOOMA,DOOMDOOMA,KOOMSANG,NEW,TEA GARDEN SCHEME,KOOMSANG T.E.NO 15/2(HATI LINE) PWSS,PARASHMONI,M/S Maindeor Enterprise,208,179,DIGBOI,ONGOING,,Non Operative,,,,,,,,,,Tariff Collection: NO,,100,,
391,11905,30213055,DOOMDOOMA,DOOMDOOMA,KOOMSANG,NEW,TEA GARDEN SCHEME,KOOMSANG T.E.NO 308(L-13) PWSS,PARASHMONI,SRI JAYANTA KHAUND,230,170,DIGBOI,HANDED_OVER,OPERATIVE,Partially Operative,P&RD - 15 FC,ON PROCESS,NO,NO,,,,,,Tariff Collection: NO,,62,,
394,17778,30015864,DOOMDOOMA,DOOMDOOMA,KOOMSANG,NEW,TEA GARDEN SCHEME,KUMCHANG T.E LINE NO 16 PWSS,PARASHMONI,M/S Maindeor Enterprise,168,90,DIGBOI,ONGOING,,Non Operative,,,,,,,,,,Tariff Collection: NO,,100,,
395,17781,30022056,DOOMDOOMA,DOOMDOOMA,KOOMSANG,NEW,TEA GARDEN SCHEME,KUMCHANG T.E LINE NO 5 PWSS,PARASHMONI,M/s B.K. Construction,199,107,DIGBOI,HANDED_OVER,OPERATIVE,Non Operative,P&RD - 15 FC,YES,YES,YES,95689,Rupam Baruah,Ongoing,,,Tariff Collection: YES,,74,,
399,17945,30201860,DOOMDOOMA,DOOMDOOMA,RONGAJAN,NEW,TEA GARDEN SCHEME,MANKHOWA 9 NO LINE PWSS,PARASHMONI,M/s Shri Ohm Construction,96,70,DIGBOI,ONGOING,,Non Operative,,,,,,,,,,Tariff Collection: YES,,100,,
401,17979,30202508,DOOMDOOMA,DOOMDOOMA,RONGAJAN,NEW,TEA GARDEN SCHEME,MORGI KONA PWSS,PARASHMONI,Tonmoy Barkakoty,103,114,DIGBOI,HANDED_OVER,OPERATIVE,Partially Operative,P&RD - 15 FC,ON PROCESS,NO,NO,,,,,,Tariff Collection: NO,,100,,
402,17947,30202535,DOOMDOOMA,DOOMDOOMA,RONGAJAN,NEW,NON TEA GARDEN,MOSDUR BASTI PWSS,PARASHMONI,M/s Shri Ohm Construction,180,97,DIGBOI,ONGOING,,Non Operative,,,,,,,,,,Tariff Collection: NO,,100,,
407,17983,30200749,DOOMDOOMA,DOOMDOOMA,RONGAJAN,NEW,TEA GARDEN SCHEME,NATUN LINE PWSS,PARASHMONI,SEWJI RAI,60,0,DIGBOI,ONGOING,,Non Operative,,,,,,,,,,Tariff Collection: YES,,100,,
408,17985,30203961,DOOMDOOMA,DOOMDOOMA,RONGAJAN,NEW,TEA GARDEN SCHEME,NUNIAMATI PWSS,PARASHMONI,M/s Shri Ohm Construction,297,227,DIGBOI,ONGOING,NON_OPERATIVE,Non Operative,,,,,,,,,,Tariff Collection: NO,,31,,
410,17949,30196705,DOOMDOOMA,DOOMDOOMA,RONGAJAN,NEW,NON TEA GARDEN,PROBHAT BAGAN CHUBURI PWSS,PARASHMONI,M/s Shri Ohm Construction,168,115,DIGBOI,ONGOING,,Non Operative,,,,,,,,,,Tariff Collection: NO,,100,,
411,17953,30206098,DOOMDOOMA,DOOMDOOMA,RONGAJAN,NEW,NON TEA GARDEN,RANGAJAN BLOCK PWSS,PARASHMONI,M/s Shri Ohm Construction,34,19,DIGBOI,ONGOING,,Non Operative,,,,,,,,,,Tariff Collection: NO,Estimates Already send under SOPD to HQ,100,YES,568740
412,12133,30217052,DOOMDOOMA,DOOMDOOMA,KOOMSANG,NEW,NON TEA GARDEN,ROMAI GABHARU NO-3 PWSS,PARASHMONI,SRI JAYANTA KHAUND,209,130,DIGBOI,HANDED_OVER,OPERATIVE,Non Operative,P&RD - 15 FC,YES,YES,YES,139786,bikram chowra,Ongoing,,,Tariff Collection: NO,,100,,
413,17955,30200014,DOOMDOOMA,DOOMDOOMA,RONGAJAN,NEW,NON TEA GARDEN,RONGAJAN GAON NO 1 PWSS,PARASHMONI,M/s Shri Ohm Construction,153,51,DIGBOI,ONGOING,,Non Operative,,,,,,,,,,Tariff Collection: YES,,74,,
414,12157,30217062,DOOMDOOMA,DOOMDOOMA,RONGAJAN,NEW,NON TEA GARDEN,RONGAJAN GAON NO 2 PWSS,PARASHMONI,SRI JAYANTA KHAUND,207,111,DIGBOI,HANDED_OVER,OPERATIVE,Fully Operative,P&RD - 15 FC,YES,YES,YES,81026,Jyoti karmakar,Completed,,,Tariff Collection: NO,,100,,
416,11399,30217079,DOOMDOOMA,DOOMDOOMA,KOOMSANG,NEW,NON TEA GARDEN,RUMAIGAVARU NO 1 PWSS,PARASHMONI,SRI JAYANTA KHAUND,244,180,DIGBOI,HANDED_OVER,NON_OPERATIVE,Non Operative,P&RD - 15 FC,ON PROCESS,NO,NO,,,,,Pipeline damage (other third parties):Electrical fault in panel board,Tariff Collection: NO,,100,,
418,17783,30182023,DOOMDOOMA,DOOMDOOMA,KOOMSANG,NEW,TEA GARDEN SCHEME,KOOMSANG T.E.NO (HATI LINE) PT. 1 PWSS ( SHIKARI BASTI ),PARASHMONI,M/s Shri Ohm Construction,168,146,DIGBOI,ONGOING,,Non Operative,,,,,,,,,,Tariff Collection: NO,,24,,
419,17987,30183602,DOOMDOOMA,DOOMDOOMA,RONGAJAN,NEW,NON TEA GARDEN,TALAP BAGAN GAON PWSS,PARASHMONI,M/s Shri Ohm Construction,187,164,DIGBOI,ONGOING,,Non Operative,,,,,,,,,,Tariff Collection: NO,,100,,
429,22512,30218411,DOOMDOOMA,DOOMDOOMA,RONGAJAN,NEW,NON TEA GARDEN,UPPER TOLA NO.1 PWSS,PARASHMONI,Navish Tulshyan,86,35,DIGBOI,ONGOING,,Non Operative,,,,,,,,,,Tariff Collection: NO,,100,,
478,11094,30077803,DOOMDOOMA,DOOMDOOMA,HANSARA,NEW,NON TEA GARDEN,CHENGELIJAN GAON PWSS,RISHA,Kalyan Chetia,462,362,TINSUKIA,HANDED_OVER,NON_OPERATIVE,Non Operative,PWD,YES,NO,NO,569462,,,,Pipeline Damage due to PWD road construction or Augmentation,Tariff Collection: NO,,100,,
493,11202,30016638,DOOMDOOMA,DOOMDOOMA,HANSARA,NEW,NON TEA GARDEN,DOOMDOOMA PATHAR GAON PWSS,RISHA,Vinay Bhardwaj,511,555,TINSUKIA,HANDED_OVER,NON_OPERATIVE,Fully Operative,P&RD - 15 FC,YES,YES,YES,49122,SUBRATA NEOG,Ongoing,,Submersible Pump Malfunction,Tariff Collection: NO,,44,,
497,11203,30128738,DOOMDOOMA,DOOMDOOMA,HANSARA,NEW,TEA GARDEN SCHEME,HAHSARA 8 NO. GRANT PWSS,RISHA,Nortech Power Projects Pvt. Ltd.,691,503,TINSUKIA,HANDED_OVER,PARTIALLY_OPERATIVE,Partially Operative,PWD,YES,NO,NO,984021,,,,Pipeline Damage due to PWD road construction or Augmentation,Tariff Collection: NO,,75,,
498,11207,30217210,DOOMDOOMA,DOOMDOOMA,HANSARA,NEW,TEA GARDEN SCHEME,HAHSARA T.E. 79-538 GT. PWSS,RISHA,M/S Purbantar Enterprise,390,380,TINSUKIA,HANDED_OVER,OPERATIVE,Fully Operative,P&RD - 15 FC,YES,YES,YES,63523,SUBRATA NEOG,Completed,,,Tariff Collection: NO,,65,,
499,11209,30195562,DOOMDOOMA,DOOMDOOMA,HANSARA,NEW,TEA GARDEN SCHEME,HAHSARA T.E.15-12 NLR. PWSS,RISHA,Sri Jitu Hazarika,94,18,TINSUKIA,ONGOING,,Non Operative,,,,,,,,,,Tariff Collection: NO,,56,,
500,17769,30195581,DOOMDOOMA,DOOMDOOMA,HANSARA,NEW,TEA GARDEN SCHEME,HAHSARA T.E.20/156 OR PWSS,RISHA,Nortech Power Projects Pvt. Ltd.,650,522,TINSUKIA,HANDED_OVER,OPERATIVE,Partially Operative,P&RD - 15 FC,NO,,,,,,,,Tariff Collection: YES,Estimated Submitted to P&RD - Work Ongoing,100,,
502,11205,30021818,DOOMDOOMA,DOOMDOOMA,HANSARA,NEW,TEA GARDEN SCHEME,HANSARA T.E.59/56 NLR PWSS,RISHA,Utpal Bordoloi,269,268,TINSUKIA,HANDED_OVER,OPERATIVE,Fully Operative,P&RD - 15 FC,YES,YES,YES,79720,Subrata Neog,Completed,,,Tariff Collection: NO,Estimated Submitted to P&RD - Work Ongoing,100,,
524,11210,30045625,DOOMDOOMA,DOOMDOOMA,HANSARA,NEW,TEA GARDEN SCHEME,RAIDANG T.E. 122 FS.GT. PWSS,RISHA,M/S LOHIT ENTERPRISE,529,307,TINSUKIA,HANDED_OVER,PARTIALLY_OPERATIVE,Partially Operative,P&RD - 15 FC,NO,,,,,,,Leakage in Distribution Line,Tariff Collection: NO,Estimated Submitted to P&RD - Work Ongoing,100,,
525,11213,30166769,DOOMDOOMA,DOOMDOOMA,HANSARA,NEW,TEA GARDEN SCHEME,RAIDANG T.E.132 FS. PWSS,RISHA,M/S LOHIT ENTERPRISE,489,426,TINSUKIA,HANDED_OVER,OPERATIVE,Partially Operative,PWD,NO,,,,,,will be rectify by pwd contractor,,Tariff Collection: NO,Estimated Submitted to P&RD - Work Not Started,100,,
526,17871,30181696,DOOMDOOMA,DOOMDOOMA,SAMDANG,NEW,TEA GARDEN SCHEME,SAMDANG T.E. 241-239 NLR PWSS,ASIF,M/S A. M. Construction,181,177,TINSUKIA,ONGOING,,Non Operative,,,,,,,,,,Tariff Collection: NO,,38,,
527,11422,30022003,DOOMDOOMA,DOOMDOOMA,SAMDANG,NEW,TEA GARDEN SCHEME,SAMDANG T.E. 48 FS-B PWSS,ASIF,M/S LOHIT ENTERPRISE,540,545,TINSUKIA,HANDED_OVER,NON_OPERATIVE,Non Operative,P&RD - 15 FC,YES,YES,YES,99931,BISHNU RAI GHATUWAR,Ongoing,,Valve Leakage/Damage:Pipeline damage (other third parties),Tariff Collection: NO,,70,,
528,11423,30013976,DOOMDOOMA,DOOMDOOMA,SAMDANG,NEW,TEA GARDEN SCHEME,SAMDANG T.E. 48 FS.(A) PWSS,ASIF,Braja Nath Gogoi,626,586,TINSUKIA,HANDED_OVER,OPERATIVE,Non Operative,P&RD - 15 FC,YES,YES,YES,98652,SUBRAT NEOG ,Completed,Work Completed under 15th finance but electricity disconnected due non payment apdcl due bill,,Tariff Collection: NO,,37,,
529,11402,30005395,DOOMDOOMA,DOOMDOOMA,SAMDANG,NEW,TEA GARDEN SCHEME,SAMDANG T.E.309-9I276 WL.APPLN. PWSS,ASIF,Rajiv Gohain,263,263,TINSUKIA,HANDED_OVER,OPERATIVE,Fully Operative,P&RD - 15 FC,YES,YES,YES,259899,RAJESH SHAH,Completed,,,Tariff Collection: NO,,48,,
530,11404,30004358,DOOMDOOMA,DOOMDOOMA,SAMDANG,NEW,TEA GARDEN SCHEME,SAMDANG T.E.46 APPLN PWSS,ASIF,Kalyan Chetia,216,216,TINSUKIA,HANDED_OVER,NON_OPERATIVE,Non Operative,PWD,YES,NO,NO,415171,,,Estimate has been submitted to PWD on 28/07/26,Leakage in Distribution Line,Tariff Collection: NO,,65,,
531,11406,30037519,DOOMDOOMA,DOOMDOOMA,SAMDANG,NEW,TEA GARDEN SCHEME,SAMDANG T.E.48 GRANT (A) PWSS,ASIF,Pranjal Neog,266,265,TINSUKIA,HANDED_OVER,OPERATIVE,Fully Operative,,,,,,,,,,Tariff Collection: NO,,80,,
532,17873,30181717,DOOMDOOMA,DOOMDOOMA,SAMDANG,NEW,TEA GARDEN SCHEME,SAMDANG T.E.59-126-16 WLA. PWSS,ASIF,Nortech Power Projects Pvt. Ltd.,191,149,TINSUKIA,HANDED_OVER,OPERATIVE,Fully Operative,P&RD - 15 FC,YES,YES,YES,191656,GUNADHAR SONOWAL ,Completed,,,Tariff Collection: NO,,55,,
612,11862,30216377,DOOMDOOMA,DOOMDOOMA,GAVARUBHETI,NEW,NON TEA GARDEN,AMGURI NO 2 PWSS,NIHA,SRI JAYANTA KHAUND,251,117,DIGBOI,HANDED_OVER,NON_OPERATIVE,Non Operative,P&RD - 15 FC,YES,YES,YES,270254,Nayandeep Borpatra Gohain,Ongoing,,Feeder cable (AB) damage,Tariff Collection: NO,,30,,
613,17719,30024528,DOOMDOOMA,DOOMDOOMA,KAKAJAN,NEW,TEA GARDEN SCHEME,BADALBHETA T.E. 111-114 NLR PWSS,PUBALI,Prince Jaiswal,105,153,DIGBOI,HANDED_OVER,OPERATIVE,Partially Operative,P&RD - 15 FC,YES,YES,YES,157613,PANKAJ DAS,Ongoing,,,Tariff Collection: NO,,48,,
614,17718,30021438,DOOMDOOMA,DOOMDOOMA,KAKAJAN,NEW,TEA GARDEN SCHEME,BADLABHETA T.E-79/76 NLR PWSS,PUBALI,Prince Jaiswal,129,129,DIGBOI,HANDED_OVER,NON_OPERATIVE,Non Operative,P&RD - 15 FC,ON PROCESS,NO,NO,,,,,Pipeline Damage due to PWD road construction or Augmentation,Tariff Collection: NO,,53,,
615,11880,30119444,DOOMDOOMA,DOOMDOOMA,KAKAJAN,NEW,TEA GARDEN SCHEME,BADLABHETA T.E.NO 559 PWSS,PUBALI,SRI KAUSHAL SHARMA,436,438,DIGBOI,HANDED_OVER,PARTIALLY_OPERATIVE,Partially Operative,P&RD - 15 FC,YES,YES,YES,495341,PANKAJ DAS,Ongoing,,Voltage or Load Issues,Tariff Collection: NO,,34,,
618,16343,30181976,DOOMDOOMA,DOOMDOOMA,GAVARUBHETI,NEW,NON TEA GARDEN,BAMUN GAON PWSS,NIHA,PANKAJ DAS,197,198,DIGBOI,HANDED_OVER,OPERATIVE,Fully Operative,P&RD - 15 FC,YES,YES,YES,37619,Pankaj Das,Completed,,,Tariff Collection: NO,,100,,
620,16354,30183494,DOOMDOOMA,DOOMDOOMA,GAVARUBHETI,NEW,NON TEA GARDEN,BHITOR RONGDOI-PADUMPATHER BIJULIBON PWSS,NIHA,M/s Shri Ohm Construction,109,92,DIGBOI,ONGOING,,Non Operative,,,,,,,,,,Tariff Collection: NO,,100,,
621,16985,30183638,DOOMDOOMA,DOOMDOOMA,KAKAJAN,NEW,NON TEA GARDEN,BIHARI BASTI PWSS,PUBALI,Prasanta Gohain,250,179,DIGBOI,ONGOING,,Non Operative,,,,,,,,,,Tariff Collection: NO,Estimated Submitted to P&RD - Work Not Started,100,,
622,17896,30183731,DOOMDOOMA,DOOMDOOMA,MANKHOWA,NEW,TEA GARDEN SCHEME,BISHAKOPIE T.E.L.2 PWSS,PARASHMONI,M/s Shri Ohm Construction,280,211,DIGBOI,ONGOING,,Non Operative,,,,,,,,,,Tariff Collection: NO,,0,,
623,17898,30183746,DOOMDOOMA,DOOMDOOMA,MANKHOWA,NEW,TEA GARDEN SCHEME,BISHAKOPIE T.E.L.37 PWSS,PARASHMONI,M/s Shri Ohm Construction,112,77,DIGBOI,ONGOING,,Non Operative,,,,,,,,,,Tariff Collection: NO,,100,,
624,17904,30183808,DOOMDOOMA,DOOMDOOMA,MANKHOWA,NEW,TEA GARDEN SCHEME,BISHAKOPIE T.E.L.50 PWSS,PARASHMONI,M/s Shri Ohm Construction,110,105,DIGBOI,ONGOING,,Non Operative,,,,,,,,,,Tariff Collection: NO,,47,,
625,22492,30218078,DOOMDOOMA,DOOMDOOMA,GAVARUBHETI,NEW,NON TEA GARDEN,BISHNUPUR PT 1 PWSS,NIHA,Navish Tulshyan,239,213,DIGBOI,ONGOING,,Non Operative,,,,,,,,,,Tariff Collection: NO,,54,,
626,11799,30037467,DOOMDOOMA,DOOMDOOMA,BORDUBI,NEW,TEA GARDEN SCHEME,BOKPARA T.E. 168-173 FS. NAGA KATA ZONE PWSS,PUBALI,SRI KAUSHAL SHARMA,1155,920,DIGBOI,ONGOING,,Non Operative,,,,,,,,,,Tariff Collection: NO,,48,,
627,11801,30021159,DOOMDOOMA,DOOMDOOMA,BORDUBI,NEW,TEA GARDEN SCHEME,BOKPARA T.E. 169-174 FS. ( KALA HANDI LINE & KHERBARI LINE) PWSS,PUBALI,SRI KAUSHAL SHARMA,497,334,DIGBOI,HANDED_OVER,OPERATIVE,Partially Operative,P&RD - 15 FC,YES,YES,YES,98682,Jugita Saikia Moran,Ongoing,,,Tariff Collection: NO,,45,,
628,17727,30205147,DOOMDOOMA,DOOMDOOMA,BORDUBI,NEW,TEA GARDEN SCHEME,BORDUBI T.E. 171-168 NLR. PWSS,PUBALI,TRINAYAN CHETIA,209,211,DIGBOI,HANDED_OVER,OPERATIVE,Fully Operative,,,,,,,,,,Tariff Collection: NO,,69,,
629,11803,30216651,DOOMDOOMA,DOOMDOOMA,BORDUBI,NEW,TEA GARDEN SCHEME,"BORDUBI T.E. 172-169 NLR. (1 No Line Zone, 2 No Line Zone, Sunjan & Garah Line Zone) PWSS",PUBALI,SRI KAUSHAL SHARMA,611,600,DIGBOI,HANDED_OVER,OPERATIVE,Partially Operative,P&RD - 15 FC,ON PROCESS,NO,NO,,,,,,Tariff Collection: NO,,48,,
630,17728,30158455,DOOMDOOMA,DOOMDOOMA,BORDUBI,NEW,TEA GARDEN SCHEME,"BORDUBI T.E. 207-205 NLR - 4 No Line, Nepali Line PWSS",PUBALI,TRINAYAN CHETIA,97,97,DIGBOI,HANDED_OVER,OPERATIVE,Partially Operative,P&RD - 15 FC,YES,YES,YES,81442,Pankaj Das,Ongoing,,,Tariff Collection: NO,,80,,
631,17664,30185026,DOOMDOOMA,DOOMDOOMA,BORDUBI,NEW,TEA GARDEN SCHEME,BORDUBI T.E. 217-215-244-242 N ( STAFF LINE) PWSS,PUBALI,Bimal Tanti,86,86,DIGBOI,HANDED_OVER,OPERATIVE,Non Operative,P&RD - 15 FC,YES,YES,YES,33481,NOMITA CHUTIA,Ongoing,,,Tariff Collection: NO,,32,,
632,17665,30185057,DOOMDOOMA,DOOMDOOMA,BORDUBI,NEW,TEA GARDEN SCHEME,BORDUBI T.E. 4-544 WL 9 ( 14 No Line) PWSS,PUBALI,M/s Shri Ohm Construction,45,40,DIGBOI,ONGOING,,,,,,,,,,,,Tariff Collection: NO,,30,,
633,11838,30216732,DOOMDOOMA,DOOMDOOMA,BORDUBI,NEW,TEA GARDEN SCHEME,BORDUBI T.E. WL-1 (Basti Line) PWSS,PUBALI,SRI JAYANTA KHAUND,235,158,DIGBOI,HANDED_OVER,OPERATIVE,Fully Operative,,,,,,,,,,Tariff Collection: NO,,40,,
634,17666,30216761,DOOMDOOMA,DOOMDOOMA,BORDUBI,NEW,TEA GARDEN SCHEME,BORDUBI T.E. WL-6 ( 7 No Line) PWSS,PUBALI,Prasanta Gohain,106,105,DIGBOI,HANDED_OVER,OPERATIVE,Non Operative,P&RD - 15 FC,YES,YES,YES,139789.14,PANKAJ DAS,Ongoing,,,Tariff Collection: NO,,100,,
635,17730,30213117,DOOMDOOMA,DOOMDOOMA,BORDUBI,NEW,TEA GARDEN SCHEME,BORDUBI T.E.183/180 NLR - 8 No Line PWSS,PUBALI,TRINAYAN CHETIA,227,227,DIGBOI,HANDED_OVER,OPERATIVE,Fully Operative,P&RD - 15 FC,YES,YES,YES,82789,PANKAJ DAS,Completed,,,Tariff Collection: NO,,0,,
636,14418,30217437,DOOMDOOMA,DOOMDOOMA,GAVARUBHETI,NEW,NON TEA GARDEN,BORGAON PWSS,NIHA,SRI JAYANTA KHAUND,203,162,DIGBOI,HANDED_OVER,OPERATIVE,Partially Operative,P&RD - 15 FC,ON PROCESS,NO,NO,,,,,,Tariff Collection: NO,,52,,
640,16361,30217433,DOOMDOOMA,DOOMDOOMA,GAVARUBHETI,NEW,NON TEA GARDEN,BORJAN GAJING CHUCK PWSS,NIHA,M/s Shri Ohm Construction,137,96,DIGBOI,HANDED_OVER,OPERATIVE,Partially Operative,P&RD - 15 FC,ON PROCESS,NO,NO,,,,,,Tariff Collection: NO,,46,,
643,17735,30215938,DOOMDOOMA,DOOMDOOMA,BORDUBI,NEW,TEA GARDEN SCHEME,DHANJAN BASTI PWSS,PUBALI,Kalyan Chetia,72,72,DIGBOI,HANDED_OVER,OPERATIVE,Fully Operative,,,,,,,,,,Tariff Collection: NO,Estimates Already send under SOPD to HQ,100,YES,733430
651,17661,30192527,DOOMDOOMA,DOOMDOOMA,BORDUBI,NEW,NON TEA GARDEN,GANDHI BASTI PWSS,PARASHMONI,M/s Shri Ohm Construction,102,97,DIGBOI,ONGOING,,Non Operative,,,,,,,,,,Tariff Collection: NO,,100,,
652,11869,30217171,DOOMDOOMA,DOOMDOOMA,GAVARUBHETI,NEW,NON TEA GARDEN,GOSAIKRISHNAPUR PWSS,NIHA,SRI JAYANTA KHAUND,242,182,DIGBOI,HANDED_OVER,OPERATIVE,Fully Operative,,,,,,,,,,Tariff Collection: YES,,100,,
653,16407,30193118,DOOMDOOMA,DOOMDOOMA,GAVARUBHETI,NEW,NON TEA GARDEN,GOWALLA BASTI PWSS,NIHA,M/s Shri Ohm Construction,198,186,DIGBOI,HANDED_OVER,OPERATIVE,Non Operative,P&RD - 15 FC,YES,YES,YES,45039,Rajesh Mahato,Not Started,,,Tariff Collection: NO,Estimate Under Prepration in Division and will be sent to P&RD,100,,
658,11890,30212745,DOOMDOOMA,DOOMDOOMA,KAKAJAN,NEW,NON TEA GARDEN,KAKAJAN NO 2 PWSS,PUBALI,SRI JAYANTA KHAUND,224,203,DIGBOI,HANDED_OVER,OPERATIVE,Partially Operative,P&RD - 15 FC,YES,YES,YES,97357,Jugita Saikia Moran,Ongoing,,,Tariff Collection: NO,,100,,
659,11897,30216212,DOOMDOOMA,DOOMDOOMA,KAKAJAN,NEW,NON TEA GARDEN,Mayajan PWSS,PUBALI,SRI JAYANTA KHAUND,477,136,DIGBOI,HANDED_OVER,OPERATIVE,Partially Operative,P&RD - 15 FC,YES,YES,YES,118302,Jugita Saikia Moran,Ongoing,,,Tariff Collection: NO,,69,,
660,17932,30206210,DOOMDOOMA,DOOMDOOMA,MANKHOWA,NEW,NON TEA GARDEN,MILAN TRITHA (BISHAKOPIE L.10) PWSS,PARASHMONI,Jyoti Prasad Sarma,326,109,DIGBOI,ONGOING,,Non Operative,,,,,,,,,,Tariff Collection: YES,,100,,
661,16422,30201978,DOOMDOOMA,DOOMDOOMA,GAVARUBHETI,NEW,NON TEA GARDEN,MISING GAON PWSS,NIHA,M/s Shri Ohm Construction,178,121,DIGBOI,ONGOING,,Non Operative,,,,,,,,,,Tariff Collection: NO,,100,,
662,11874,30215839,DOOMDOOMA,DOOMDOOMA,GAVARUBHETI,NEW,NON TEA GARDEN,MODHUBON CHUCK-NAMGHAR CHUCK PWSS,NIHA,SRI JAYANTA KHAUND,220,188,DIGBOI,ONGOING,,Non Operative,,,,,,,,,,Tariff Collection: YES,,100,,
663,22487,30218279,DOOMDOOMA,DOOMDOOMA,KAKAJAN,NEW,NON TEA GARDEN,Nahar jaan PWSS,PUBALI,Raj Sekhar Hazarika,183,122,DIGBOI,HANDED_OVER,OPERATIVE,Fully Operative,,,,,,,,,,Tariff Collection: NO,,38,,
666,16427,30203566,DOOMDOOMA,DOOMDOOMA,GAVARUBHETI,NEW,NON TEA GARDEN,NAMANI BORDUBI(MAJ GAON) PWSS,NIHA,M/s Shri Ohm Construction,131,125,DIGBOI,HANDED_OVER,OPERATIVE,Fully Operative,,,,,,,,,,Tariff Collection: NO,,68,,
673,16997,30196625,DOOMDOOMA,DOOMDOOMA,KAKAJAN,NEW,NON TEA GARDEN,PITHAGUTI NO 2 PWSS,PUBALI,M/S DIPAK NATH (DIPAK NATH),213,182,DIGBOI,HANDED_OVER,OPERATIVE,Non Operative,P&RD - 15 FC,YES,YES,YES,56387.64,Pankaj Das,Ongoing,,,Tariff Collection: NO,Estimated Submitted to P&RD - Work Ongoing,100,,
674,16791,30217493,DOOMDOOMA,DOOMDOOMA,GAVARUBHETI,NEW,NON TEA GARDEN,PUNGIJAN PWSS,NIHA,M/s Shri Ohm Construction,121,66,DIGBOI,HANDED_OVER,OPERATIVE,Non Operative,P&RD - 15 FC,YES,YES,YES,40816,Rajesh Mahato,Not Started,,,Tariff Collection: YES,,100,,
675,16792,30199773,DOOMDOOMA,DOOMDOOMA,GAVARUBHETI,NEW,NON TEA GARDEN,RANGPUR NEPALI CHUCK PWSS,NIHA,M/s Shri Ohm Construction,242,206,DIGBOI,HANDED_OVER,OPERATIVE,Partially Operative,P&RD - 15 FC,YES,YES,YES,57520,Rajesh Mahato,Not Started,,,Tariff Collection: YES,,100,,
678,16795,30200025,DOOMDOOMA,DOOMDOOMA,GAVARUBHETI,NEW,NON TEA GARDEN,RONGPUR PWSS,NIHA,M/s Shri Ohm Construction,146,142,DIGBOI,HANDED_OVER,OPERATIVE,Non Operative,P&RD - 15 FC,ON PROCESS,NO,NO,,,,,,Tariff Collection: NO,CONTRACTOR - Work Not Started,100,,
679,16797,30181441,DOOMDOOMA,DOOMDOOMA,GAVARUBHETI,NEW,NON TEA GARDEN,RUPJAN PWSS,NIHA,M/s Shri Ohm Construction,194,176,DIGBOI,HANDED_OVER,NON_OPERATIVE,Non Operative,PHE Contractor - Under DLP,Not Required,,,,,,,Submersible Pump Malfunction,Tariff Collection: NO,CONTRACTOR - Work Not Started,100,,
680,17708,30019898,DOOMDOOMA,DOOMDOOMA,KAKAJAN,NEW,TEA GARDEN SCHEME,SAKRITING T.E.135 FS PWSS,PUBALI,Gautam Gogoi,298,218,DIGBOI,HANDED_OVER,OPERATIVE,Fully Operative,,,,,,,,,,Tariff Collection: NO,,95,,
681,16999,30181472,DOOMDOOMA,DOOMDOOMA,KAKAJAN,NEW,TEA GARDEN SCHEME,SAKRITING T.E.40 WL PWSS,PUBALI,Prince Jaiswal,99,99,DIGBOI,HANDED_OVER,OPERATIVE,Partially Operative,P&RD - 15 FC,NO,,,,,,,,Tariff Collection: NO,,100,,
682,11891,30217134,DOOMDOOMA,DOOMDOOMA,KAKAJAN,NEW,TEA GARDEN SCHEME,SAKRITING T.E.WL 8 PWSS,PUBALI,SRI KAUSHAL SHARMA,445,409,DIGBOI,HANDED_OVER,NON_OPERATIVE,Non Operative,PWD,YES,NO,NO,2426837,,,,Pipeline Damage due to PWD road construction or Augmentation,Tariff Collection: YES,,100,,
684,18037,30183371,DOOMDOOMA,DOOMDOOMA,KAKAJAN,NEW,NON TEA GARDEN,SITAL PATTI BIHARI BASTI PWSS,PUBALI,Jyoti Prasad Sarma,94,88,DIGBOI,HANDED_OVER,OPERATIVE,Fully Operative,,,,,,,,,,Tariff Collection: NO,,73,,
685,16799,30183382,DOOMDOOMA,DOOMDOOMA,GAVARUBHETI,NEW,NON TEA GARDEN,SITALPUR GAON NEPALI CHUCK PWSS,NIHA,M/s Shri Ohm Construction,350,205,DIGBOI,HANDED_OVER,OPERATIVE,Fully Operative,,,,,,,,,,Tariff Collection: YES,Estimated Submitted to P&RD - Work Ongoing,100,,
686,16801,30158466,DOOMDOOMA,DOOMDOOMA,GAVARUBHETI,NEW,NON TEA GARDEN,SONAPUR DEORI PWSS,NIHA,Jyoti Prasad Sarma,157,143,DIGBOI,HANDED_OVER,OPERATIVE,Partially Operative,P&RD - 15 FC,YES,YES,NO,42147,,,,,Tariff Collection: NO,,100,,
687,17710,30183726,DOOMDOOMA,DOOMDOOMA,KAKAJAN,NEW,TEA GARDEN SCHEME,TARA T.E. 2/10/53 WL PWSS,PUBALI,Prasanta Gohain,228,228,DIGBOI,HANDED_OVER,OPERATIVE,Fully Operative,P&RD - 15 FC,YES,YES,YES,83495,JUGITA SAIKIA MORAN,Completed,,,Tariff Collection: NO,,100,,
688,11898,30217185,DOOMDOOMA,DOOMDOOMA,KAKAJAN,NEW,TEA GARDEN SCHEME,TARA TE 12 No Line PWSS,PUBALI,SRI JAYANTA KHAUND,238,201,DIGBOI,HANDED_OVER,PARTIALLY_OPERATIVE,Partially Operative,P&RD - 15 FC,YES,YES,YES,75682,Jugita Saikia Moran,Ongoing,,Leakage in Distribution Line,Tariff Collection: NO,,100,,
689,11893,30217190,DOOMDOOMA,DOOMDOOMA,KAKAJAN,NEW,TEA GARDEN SCHEME,TARA TE 6 No Pucca Line PWSS,PUBALI,SRI JAYANTA KHAUND,225,105,DIGBOI,HANDED_OVER,PARTIALLY_OPERATIVE,Partially Operative,P&RD - 15 FC,ON PROCESS,NO,NO,,,,,Leakage in Distribution Line,Tariff Collection: NO,,100,,
690,11895,30217201,DOOMDOOMA,DOOMDOOMA,KAKAJAN,NEW,TEA GARDEN SCHEME,TARA TE 7 No Pucca Line PWSS,PUBALI,SRI JAYANTA KHAUND,260,260,DIGBOI,HANDED_OVER,OPERATIVE,Partially Operative,P&RD - 15 FC,YES,YES,YES,191235,Jugita Saikia Moran,Ongoing,,,Tariff Collection: NO,,100,,
691,17712,30183742,DOOMDOOMA,DOOMDOOMA,KAKAJAN,NEW,TEA GARDEN SCHEME,TARA TE Factory Staff Line PWSS,PUBALI,Prasanta Gohain,149,149,DIGBOI,HANDED_OVER,OPERATIVE,Partially Operative,P&RD - 15 FC,YES,YES,YES,75877,MANAS ENTERPRISE,Ongoing,,,Tariff Collection: NO,,28,,
692,17716,30183754,DOOMDOOMA,DOOMDOOMA,KAKAJAN,NEW,TEA GARDEN SCHEME,TARA TE Special Line PWSS,PUBALI,Prasanta Gohain,195,195,DIGBOI,HANDED_OVER,OPERATIVE,Fully Operative,P&RD - 15 FC,YES,YES,YES,136246,MANAS ENTERPRISE,Completed,,,Tariff Collection: NO,,100,,
696,17668,30183944,DOOMDOOMA,DOOMDOOMA,BORDUBI,NEW,TEA GARDEN SCHEME,TENGALINE PWSS,PUBALI,Prasanta Gohain,191,191,DIGBOI,HANDED_OVER,OPERATIVE,Fully Operative,,,,,,,,,,Tariff Collection: NO,,60,,
697,11875,30217252,DOOMDOOMA,DOOMDOOMA,GAVARUBHETI,NEW,NON TEA GARDEN,TONGANI SONJAN N.C PWSS,NIHA,SRI JAYANTA KHAUND,266,198,DIGBOI,HANDED_OVER,OPERATIVE,Partially Operative,P&RD - 15 FC,YES,YES,YES,39112,Rajesh Mahato,Not Started,,,Tariff Collection: NO,,50,,
698,16809,30184993,DOOMDOOMA,DOOMDOOMA,GAVARUBHETI,NEW,NON TEA GARDEN,TONGANI SUNJAN NO-1 PWSS,NIHA,M/s Shri Ohm Construction,100,91,DIGBOI,ONGOING,,Non Operative,,,,,,,,,,Tariff Collection: NO,,44,,
748,10914,30044877,DOOMDOOMA,DOOMDOOMA,DAISAJAN,NEW,NON TEA GARDEN,BOR RUPAI GAON PWSS,SUMU,M/S Puna Hinda,726,493,TINSUKIA,ONGOING,NON_OPERATIVE,Non Operative,,,,,,,,,,Tariff Collection: NO,,25,,
749,10920,30056931,DOOMDOOMA,DOOMDOOMA,DOIDAM,NEW,TEA GARDEN SCHEME,DAIDAM T.E. 135-138 WL PWSS,ASIF,M/S Nunu Enterprise,382,345,TINSUKIA,ONGOING,NON_OPERATIVE,Non Operative,,,,,,,,,,Tariff Collection: NO,,70,,
750,10921,30020812,DOOMDOOMA,DOOMDOOMA,DOIDAM,NEW,TEA GARDEN SCHEME,DAIDAM T.E. 38 WL PWSS,ASIF,M/S PURBVATTAR ENTERPRISE,601,266,TINSUKIA,HANDED_OVER,PARTIALLY_OPERATIVE,Fully Operative,P&RD - 15 FC,YES,YES,YES,153441,SUBRAT NEOG,Completed,,Leakage in Distribution Line,Tariff Collection: NO,,100,,
751,10922,30216876,DOOMDOOMA,DOOMDOOMA,DOIDAM,NEW,TEA GARDEN SCHEME,DAIDAM T.E. 561/7 WL PWSS,ASIF,M/s Shri Ohm Construction,297,237,TINSUKIA,ONGOING,NON_OPERATIVE,Non Operative,,,,,,,,,,Tariff Collection: NO,,80,,
752,17738,30213065,DOOMDOOMA,DOOMDOOMA,DAISAJAN,NEW,NON TEA GARDEN,DAISA BALIJAN NO.2 PWSS,SUMU,M/s Shri Ohm Construction,186,159,TINSUKIA,ONGOING,NON_OPERATIVE,Non Operative,,,,,,,,,,Tariff Collection: NO,,28,,
753,10915,30060570,DOOMDOOMA,DOOMDOOMA,DAISAJAN,NEW,TEA GARDEN SCHEME,DAISA GAON PWSS,SUMU,M/S PURBVATTAR ENTERPRISE,466,241,TINSUKIA,HANDED_OVER,PARTIALLY_OPERATIVE,Non Operative,P&RD - 15 FC,YES,YES,YES,186003,AMAL TANTI,Ongoing,The Scheme was partially operative due to leakages but recently due to panel board issue it became non functional. ,Electrical Fault in the Starter,Tariff Collection: NO,,78,,
754,17739,30042180,DOOMDOOMA,DOOMDOOMA,DAISAJAN,NEW,TEA GARDEN SCHEME,DAISA T.E. 13/9(A) PWSS,SUMU,M/S Maindeor Enterprise,136,134,TINSUKIA,ONGOING,NON_OPERATIVE,Non Operative,,,,,,,,,,Tariff Collection: YES,,100,,
755,17736,30018522,DOOMDOOMA,DOOMDOOMA,DAISAJAN,NEW,TEA GARDEN SCHEME,DAISAJAN T.E. 13-14-22-15 PWSS,SUMU,M/S Maindeor Enterprise,151,130,TINSUKIA,ONGOING,NON_OPERATIVE,Non Operative,,,,,,,,,,Tariff Collection: NO,,100,,
758,10916,30044602,DOOMDOOMA,DOOMDOOMA,DAISAJAN,NEW,NON TEA GARDEN,HALLOWKHOWA GAON PWSS,SUMU,M/S Capital Enterprise,278,231,TINSUKIA,ONGOING,NON_OPERATIVE,Non Operative,,,,,,,,,,Tariff Collection: NO,CONTRACTOR - Work Not Started,100,,
764,10923,30216959,DOOMDOOMA,DOOMDOOMA,DOIDAM,NEW,TEA GARDEN SCHEME,PABHAJAN T.E. 219 WL PWSS,ASIF,M/S Capital Enterprise,341,109,TINSUKIA,ONGOING,NON_OPERATIVE,Non Operative,,,,,,,,,,Tariff Collection: NO,Estimates Already send under SOPD to HQ,100,YES,1314018
765,17763,30011040,DOOMDOOMA,DOOMDOOMA,DOIDAM,NEW,TEA GARDEN SCHEME,PABHAJAN T.E.220-218 PWSS,ASIF,Md. Abidur Ali,308,281,TINSUKIA,ONGOING,NON_OPERATIVE,Non Operative,,,,,,,,,,Tariff Collection: NO,,100,,
766,10924,30216996,DOOMDOOMA,DOOMDOOMA,DOIDAM,NEW,TEA GARDEN SCHEME,PAVAJAN T.E. 137-130-129-124 PWSS,ASIF,M/S Puna Hinda,734,461,TINSUKIA,ONGOING,NON_OPERATIVE,Non Operative,,,,,,,,,,Tariff Collection: NO,,99,,
767,17748,30125782,DOOMDOOMA,DOOMDOOMA,DAISAJAN,NEW,TEA GARDEN SCHEME,RUPAI T.E. 232-230 NLR PWSS,SUMU,Sandeep Kumar Agarwal,125,119,TINSUKIA,HANDED_OVER,NON_OPERATIVE,Non Operative,P&RD - 15 FC,YES,YES,YES,135525,AMAL TANTI,Ongoing,,Feeder cable (AB) damage,Tariff Collection: NO,,38,,
768,10918,30217093,DOOMDOOMA,DOOMDOOMA,DAISAJAN,NEW,TEA GARDEN SCHEME,RUPAI T.E. 246-244 NLR PWSS,SUMU,M/S Soumya Nirman And Construction Pvt. Ltd.,274,201,TINSUKIA,ONGOING,NON_OPERATIVE,Non Operative,,,,,,,,,,Tariff Collection: NO,,35,,
769,10919,30217123,DOOMDOOMA,DOOMDOOMA,DAISAJAN,NEW,TEA GARDEN SCHEME,DOIMUKHIA T.E LINE NO.12 PWSS [RUPAI T.E. 265 NLR (RUPAI T.E. 265-540 W)],SUMU,M/S Soumya Nirman And Construction Pvt. Ltd.,249,212,TINSUKIA,ONGOING,NON_OPERATIVE,Non Operative,,,,,,,,,,Tariff Collection: NO,,22,,
770,17753,30200233,DOOMDOOMA,DOOMDOOMA,DAISAJAN,NEW,TEA GARDEN SCHEME,RUPAI T.E. 38-32 WLA PWSS,SUMU,Diganta Gogoi,191,178,TINSUKIA,ONGOING,NON_OPERATIVE,Non Operative,,,,,,,,,,Tariff Collection: NO,,75,,
771,17761,30200251,DOOMDOOMA,DOOMDOOMA,DAISAJAN,NEW,TEA GARDEN SCHEME,RUPAI TE 182 WL PWSS,SUMU,Kalyan Chetia,202,202,TINSUKIA,HANDED_OVER,PARTIALLY_OPERATIVE,Partially Operative,P&RD - 15 FC,YES,YES,YES,203720,NOMITA CHUTIA HAZARIKA,Ongoing,Allotted by ZP,Pipeline Damage due to PWD road construction or Augmentation,Tariff Collection: NO,,100,,
772,10917,30036192,DOOMDOOMA,DOOMDOOMA,DAISAJAN,NEW,TEA GARDEN SCHEME,RUPAI TE. 233-231 NLR PWSS,SUMU,M/S Nunu Enterprise,406,388,TINSUKIA,ONGOING,NON_OPERATIVE,Non Operative,,,,,,,,,,Tariff Collection: YES,,100,,
861,1934,8176111,DOOMDOOMA,DOOMDOOMA,BANDARKHATI,RETROFITTING,TEA GARDEN SCHEME,BANDARKHATI NO.1 PWSS,SUMU,MONUJ KUMAR,239,239,TINSUKIA,HANDED_OVER,OPERATIVE,Partially Operative,P&RD - 15 FC,NO,NO,NO,,,,,,Tariff Collection: YES,Estimated Submitted to P&RD - Work Ongoing,100,,
862,1950,8177294,DOOMDOOMA,DOOMDOOMA,DOIMUKHIA,RETROFITTING,NON TEA GARDEN,BISAKUPIE GAON PWSS,ASIF,M/S S.K. ASSOCIATES,232,311,TINSUKIA,HANDED_OVER,OPERATIVE,Fully Operative,,,,,,,,,,Tariff Collection: NO,,74,,
863,1986,8176977,DOOMDOOMA,DOOMDOOMA,TIPUK,RETROFITTING,NON TEA GARDEN,OUGURI PWSS,ASIF,BRIGHT SOLAR LTD,290,331,TINSUKIA,HANDED_OVER,OPERATIVE,Partially Operative,P&RD - 15 FC,YES,YES,YES,82145,Subrata Neog,Completed,"Repairing work inside campus completed under 15th finanace Additional mainline was damaged due to PWD road widning ,so estimate of 1646165.00 has been sent to PWD on 28/07/26",,Tariff Collection: NO,,100,,
864,5865,8235860,DOOMDOOMA,DOOMDOOMA,MANKHOWA,RETROFITTING,NON TEA GARDEN,FATIKJAN GAON PWSS,ASIF,M/S Soumya Nirman And Construction Pvt. Ltd.,636,469,TINSUKIA,HANDED_OVER,OPERATIVE,Partially Operative,P&RD - 15 FC,YES,YES,YES,79307,BISHNU RAI GHATUWAR,Ongoing,,,Tariff Collection: NO,,100,,
941,2022,8176780,DOOMDOOMA,DOOMDOOMA,RONGAJAN,RETROFITTING,NON TEA GARDEN,UPAR TALAP NO.2 PWSS,PARASHMONI,M/S SHREE SHYAM CONSTRUCTION & SUPPLIERS,108,108,DIGBOI,HANDED_OVER,NON_OPERATIVE,Non Operative,P&RD - 15 FC,ON PROCESS,NO,NO,,,,,Electrical fault in panel board:Pipeline damage (other third parties),Tariff Collection: NO,,100,,
942,4667,6537094,DOOMDOOMA,DOOMDOOMA,KOOMSANG,RETROFITTING,NON TEA GARDEN,CHELLENGURI PWSS,PARASHMONI,SRI DHIRU KAMAL NEOG,148,148,DIGBOI,HANDED_OVER,OPERATIVE,Non Operative,P&RD - 15 FC,YES,YES,YES,296154,Bikram chowra,Ongoing,,,Tariff Collection: YES,,100,,
943,4706,6524214,DOOMDOOMA,DOOMDOOMA,RONGAJAN,RETROFITTING,NON TEA GARDEN,NAGAON PWSS,PARASHMONI,M/S S.K. ASSOCIATES,137,137,DIGBOI,HANDED_OVER,OPERATIVE,Fully Operative,P&RD - 15 FC,YES,YES,YES,74211,Jyoti karmakar,Completed,,,Tariff Collection: NO,,75,,
944,5252,8230454,DOOMDOOMA,DOOMDOOMA,RONGAJAN,RETROFITTING,NON TEA GARDEN,ATHENGIA PWSS,PARASHMONI,SRI DHIRU KAMAL NEOG,80,80,DIGBOI,HANDED_OVER,OPERATIVE,Fully Operative,,,,,,,,,,Tariff Collection: NO,,100,,
947,5242,8230625,DOOMDOOMA,DOOMDOOMA,RONGAJAN,RETROFITTING,NON TEA GARDEN,RANGAJAN PWSS,PARASHMONI,SRI DHIRU KAMAL NEOG,89,100,DIGBOI,HANDED_OVER,OPERATIVE,Fully Operative,P&RD - 15 FC,YES,YES,YES,74133,Umesh Kurmi,Completed,,,Tariff Collection: NO,,66,,
948,5239,8230639,DOOMDOOMA,DOOMDOOMA,KOOMSANG,RETROFITTING,NON TEA GARDEN,RUMAI GAVARU PWSS,PARASHMONI,PANKAJ DAS,90,90,DIGBOI,HANDED_OVER,NON_OPERATIVE,Non Operative,P&RD - 15 FC,ON PROCESS,NO,NO,,,,,Electrical fault in panel board:Pipeline damage (other third parties),Tariff Collection: NO,,30,,
951,9031,8236886,DOOMDOOMA,DOOMDOOMA,KOOMSANG,RETROFITTING,NON TEA GARDEN,GOIPANI PWSS,PARASHMONI,PANKAJ DAS,104,103,DIGBOI,HANDED_OVER,OPERATIVE,Partially Operative,P&RD - 15 FC,YES,YES,NO,105054,,,,,Tariff Collection: YES,,100,,
954,31741,30222948,DOOMDOOMA,DOOMDOOMA,RONGAJAN,RETROFITTING,NON TEA GARDEN,RAJAGARH PWSS,PARASHMONI,M/S S.K. ASSOCIATES,,,DIGBOI,HANDED_OVER,OPERATIVE,Partially Operative,P&RD - 15 FC,YES,YES,YES,86328,Jyoti karmakar,Ongoing,,,Tariff Collection: NO,,67,,
1010,1970,8176332,DOOMDOOMA,DOOMDOOMA,KAKAJAN,RETROFITTING,NON TEA GARDEN,KAKOJAN PART-I PWSS,PUBALI,Sri PRASENJIT PHUKAN,91,91,DIGBOI,HANDED_OVER,OPERATIVE,Partially Operative,P&RD - 15 FC,YES,YES,YES,84203,Jugita Saikia Moran,Ongoing,,,Tariff Collection: NO,,100,,
1011,1983,8176948,DOOMDOOMA,DOOMDOOMA,GAVARUBHETI,RETROFITTING,NON TEA GARDEN,MORAN GAON PWSS,NIHA,PANKAJ DAS,74,81,DIGBOI,HANDED_OVER,OPERATIVE,Fully Operative,,,,,,,,,,Tariff Collection: YES,,100,,
1012,1991,8176975,DOOMDOOMA,DOOMDOOMA,GAVARUBHETI,RETROFITTING,NON TEA GARDEN,PHILLOBARI PWSS,NIHA,PANKAJ DAS,59,64,DIGBOI,HANDED_OVER,OPERATIVE,Fully Operative,,,,,,,,,,Tariff Collection: NO,,67,,
1013,2014,8176572,DOOMDOOMA,DOOMDOOMA,KAKAJAN,RETROFITTING,NON TEA GARDEN,PITHAGUTI GAON NO.1 PWSS,PUBALI,M/S LANDMARK ENGINEERING,238,238,DIGBOI,HANDED_OVER,OPERATIVE,Non Operative,P&RD - 15 FC,YES,YES,YES,227182,Jugita Saikia Moran,Ongoing,,,Tariff Collection: YES,,100,,
1014,5247,8229567,DOOMDOOMA,DOOMDOOMA,KAKAJAN,RETROFITTING,NON TEA GARDEN,KAKOJAN PART-II PWSS,PUBALI,BIMAL DEORI,97,97,DIGBOI,HANDED_OVER,OPERATIVE,Fully Operative,P&RD - 15 FC,YES,YES,YES,79602,Jugita Saikia Moran,Completed,,,Tariff Collection: YES,,100,,
1016,5104,8236861,DOOMDOOMA,DOOMDOOMA,GAVARUBHETI,RETROFITTING,NON TEA GARDEN,PHILLOBARI 10 PWSS,NIHA,PANKAJ DAS,189,189,DIGBOI,HANDED_OVER,OPERATIVE,Partially Operative,P&RD - 15 FC,YES,YES,YES,44211,Pankaj Das,Ongoing,,,Tariff Collection: NO,,100,,
1017,5848,8229534,DOOMDOOMA,DOOMDOOMA,GAVARUBHETI,RETROFITTING,NON TEA GARDEN,ROBORTOLI PWSS,NIHA,LALIT SAIKIA,130,132,DIGBOI,HANDED_OVER,OPERATIVE,Partially Operative,P&RD - 15 FC,ON PROCESS,NO,NO,,,,,,Tariff Collection: NO,,100,,
1018,5871,8230602,DOOMDOOMA,DOOMDOOMA,MANKHOWA,RETROFITTING,NON TEA GARDEN,MANKHOWA PWSS,PARASHMONI,M/S S.D SALES,107,106,DIGBOI,HANDED_OVER,OPERATIVE,Partially Operative,P&RD - 15 FC,ON PROCESS,NO,NO,,,,,,Tariff Collection: NO,,100,,
1019,9030,8236885,DOOMDOOMA,DOOMDOOMA,GAVARUBHETI,RETROFITTING,NON TEA GARDEN,GOURIPUR PWSS,NIHA,PANKAJ DAS,88,88,DIGBOI,HANDED_OVER,OPERATIVE,Non Operative,P&RD - 15 FC,ON PROCESS,NO,NO,,,,,,Tariff Collection: NO,,29,,
1020,9033,8236888,DOOMDOOMA,DOOMDOOMA,GAVARUBHETI,RETROFITTING,NON TEA GARDEN,PHILLOBARI NO.18 PWSS,NIHA,PANKAJ DAS,129,129,DIGBOI,HANDED_OVER,OPERATIVE,Fully Operative,P&RD - 15 FC,YES,YES,YES,40236,Pankaj Das,Ongoing,,,Tariff Collection: NO,,78,,
1021,9034,8236889,DOOMDOOMA,DOOMDOOMA,GAVARUBHETI,RETROFITTING,NON TEA GARDEN,PHILOBARI NO 2 PWSS,NIHA,PANKAJ DAS,138,138,DIGBOI,HANDED_OVER,NON_OPERATIVE,Non Operative,SOPD,YES,NO,NO,2496757,,,,Pipeline damage (other third parties):Issue in Deep Tube Well (DTW) for Retrofitting Schemes,Tariff Collection: NO,,100,,
1,10793,30077460,MAKUM,MAKUM,GUIJAN,NEW,NON TEA GARDEN,BALIJAN GAON PWSS,RAJDEEP,M/s Neccon Power & Infra Limited,469,517,TINSUKIA,HANDED_OVER,PARTIALLY_OPERATIVE,Partially Operative,P&RD - 15 FC,YES,YES,YES,83324,DHIRUKAMAL NEOG,,,Pipeline damage (other third parties):Leakage in Distribution Line,Tariff Collection: NO,Estimated Submitted to P&RD - Work Ongoing,100,,
3,10825,30077479,MAKUM,MAKUM,KHAMTIGUALI,NEW,TEA GARDEN SCHEME,DINJAN T.E. 106 F.C(B) PWSS,RAJDEEP,M/s Neccon Power & Infra Limited,294,294,TINSUKIA,HANDED_OVER,OPERATIVE,Fully Operative,P&RD - 15 FC,YES,YES,YES,99618,TUSHAR SHARMA,,,,Tariff Collection: NO,,100,,
4,16901,30045415,MAKUM,MAKUM,KHAMTIGUALI,NEW,TEA GARDEN SCHEME,DINJAN TE. 2 NO.F.S(A)NLR PWSS,ANINDITA,M/s Surya International,265,291,TINSUKIA,HANDED_OVER,OPERATIVE,Partially Operative,P&RD - 15 FC,ON PROCESS,NO,NO,,,,,,Tariff Collection: NO,,100,,
5,10887,30077727,MAKUM,MAKUM,KHAMTIGUALI,NEW,TEA GARDEN SCHEME,DINJAN TE.2 NO.F.S (B) PWSS,RAJDEEP,M/s Neccon Power & Infra Limited,496,479,TINSUKIA,ONGOING,NON_OPERATIVE,Non Operative,,,,,,,,,,Tariff Collection: NO,,100,,
6,10790,30077748,MAKUM,MAKUM,GOTTONG,NEW,TEA GARDEN SCHEME,GELAPUKHURI TE.NO-266 PWSS,RAJDEEP,M/s Neccon Power & Infra Limited,287,209,TINSUKIA,ONGOING,,Non Operative,,,,,,,,,,Tariff Collection: NO,,100,,
7,10806,30217186,MAKUM,MAKUM,GOTTONG,NEW,NON TEA GARDEN,GOTONG PWSS,RAJDEEP,M/s Neccon Power & Infra Limited,367,215,TINSUKIA,ONGOING,NON_OPERATIVE,Non Operative,,,,,,,,,,Tariff Collection: NO,,90,,
8,10888,30077482,MAKUM,MAKUM,KHAMTIGUALI,NEW,TEA GARDEN SCHEME,KHAMTI GOHALI T.E 106 NO.F.S(B) PWSS,RAJDEEP,M/s Neccon Power & Infra Limited,520,183,TINSUKIA,HANDED_OVER,OPERATIVE,Fully Operative,P&RD - 15 FC,YES,YES,YES,96165,DHIRUKAMAL NEOG,,,,Tariff Collection: NO,,100,,
9,10889,30077488,MAKUM,MAKUM,KHAMTIGUALI,NEW,TEA GARDEN SCHEME,KHAMTIGOHALI T.E.NO 111 1-2 NLR GT PWSS,RAJDEEP,M/s Neccon Power & Infra Limited,232,173,TINSUKIA,ONGOING,OPERATIVE,,,,,,,,,,,Tariff Collection: NO,,70,,
10,22506,30222133,MAKUM,MAKUM,GOTTONG,NEW,TEA GARDEN SCHEME,LIMBUGURI PWSS,ANINDITA,Dulal Chandra Roy,128,130,TINSUKIA,HANDED_OVER,OPERATIVE,Fully Operative,,,,,,,,,,Tariff Collection: YES,,100,,
11,16878,30222130,MAKUM,MAKUM,GOTTONG,NEW,TEA GARDEN SCHEME,LIMBUGURI T.E.151-148 NLR.GT. PWSS,ANINDITA,Nortech Power Projects Pvt. Ltd.,179,179,TINSUKIA,HANDED_OVER,OPERATIVE,Fully Operative,P&RD - 15 FC,YES,YES,YES,36390,SUBRATA NEOG,Completed,,,Tariff Collection: NO,,100,,
12,16881,30085557,MAKUM,MAKUM,GOTTONG,NEW,TEA GARDEN SCHEME,LIMBUGURI T.E.152-149- NLR PWSS,ANINDITA,M/S Kaatskill Engineering Works,234,234,TINSUKIA,HANDED_OVER,OPERATIVE,Non Operative,P&RD - 15 FC,ON PROCESS,,,,,,,,Tariff Collection: NO,,39,,
13,10792,30077476,MAKUM,MAKUM,GOTTONG,NEW,TEA GARDEN SCHEME,LIMBUGURI T.E.225-227 NLR.GT. PWSS,RAJDEEP,M/s Neccon Power & Infra Limited,254,252,TINSUKIA,HANDED_OVER,PARTIALLY_OPERATIVE,Fully Operative,,,,,,,,,Pipeline damage (other third parties),Tariff Collection: NO,,75,,
14,16883,30200394,MAKUM,MAKUM,GOTTONG,NEW,TEA GARDEN SCHEME,LIMBUGURI T.E.NO-98 DARKHASTA PWSS,ANINDITA,Nortech Power Projects Pvt. Ltd.,396,396,TINSUKIA,HANDED_OVER,NON_OPERATIVE,Non Operative,P&RD - 15 FC,YES,YES,YES,31688,Panchayat Vendor/ Dhiru,Not Started,,Voltage or Load Issues,Tariff Collection: NO,,85,,
15,10890,30075906,MAKUM,MAKUM,KHAMTIGUALI,NEW,TEA GARDEN SCHEME,NALANI T.E. 187-190 NLR. PWSS,RAJDEEP,M/s Neccon Power & Infra Limited,296,290,TINSUKIA,HANDED_OVER,OPERATIVE,Partially Operative,P&RD - 15 FC,YES,YES,YES,83537,DHIRUKAMAL NEOG,,,,Tariff Collection: NO,,59,,
16,16903,30011507,MAKUM,MAKUM,KHAMTIGUALI,NEW,TEA GARDEN SCHEME,NALANI T.E. 94-97 NLR PWSS,ANINDITA,Rijul Bawa,220,220,TINSUKIA,HANDED_OVER,NON_OPERATIVE,Non Operative,P&RD - 15 FC,ON PROCESS,,,,,,,Inactive Jal Mitra,Tariff Collection: NO,,20,,
17,10891,30077493,MAKUM,MAKUM,KHAMTIGUALI,NEW,TEA GARDEN SCHEME,NALANI T.E. NO-111 FS. PWSS,RAJDEEP,M/s Neccon Power & Infra Limited,367,296,TINSUKIA,HANDED_OVER,OPERATIVE,Fully Operative,P&RD - 15 FC,YES,YES,YES,74463,DHIRUKAMAL NEOG,,,,Tariff Collection: NO,,50,,
18,16905,30039738,MAKUM,MAKUM,KHAMTIGUALI,NEW,TEA GARDEN SCHEME,NALANI T.E. NO-7 WLA. PWSS,ANINDITA,M/S D. G. Enterprise,265,311,TINSUKIA,HANDED_OVER,OPERATIVE,Fully Operative,,,,,,,Completed,,,Tariff Collection: NO,,100,,
19,16906,30014832,MAKUM,MAKUM,KHAMTIGUALI,NEW,TEA GARDEN SCHEME,NALANI T.E.NO 188-189-185-186 NLR PWSS,ANINDITA,VISHAL BAHETI,311,311,TINSUKIA,HANDED_OVER,OPERATIVE,Fully Operative,P&RD - 15 FC,YES,YES,YES,47917,SUBRATA NEOG,Completed,,,Tariff Collection: NO,,37,,
20,16893,30040244,MAKUM,MAKUM,GUIJAN,NEW,NON TEA GARDEN,NALANIHULA GAON PWSS,ATLANTA,Rijul Bawa,300,301,TINSUKIA,HANDED_OVER,OPERATIVE,Partially Operative,P&RD - 15 FC,NO,,,,,,,,Tariff Collection: YES,,100,,
21,18041,30200853,MAKUM,MAKUM,GOTTONG,NEW,NON TEA GARDEN,Natun Rongagorah PWSS,ANINDITA,PRACHURYA NEOG,225,173,TINSUKIA,HANDED_OVER,NON_OPERATIVE,Non Operative,SOPD,YES,NO,,814946,,,,Pipeline Damage due to PWD road construction or Augmentation,Tariff Collection: NO,,100,,
22,10892,30075883,MAKUM,MAKUM,KHAMTIGUALI,NEW,TEA GARDEN SCHEME,RANGAGARAH T.E 18-179 PWSS,RAJDEEP,M/s Neccon Power & Infra Limited,547,306,TINSUKIA,ONGOING,NON_OPERATIVE,Non Operative,,,,,,,,,,Tariff Collection: NO,,100,,
128,22478,30218429,MAKUM,MAKUM,BAGHJAN,NEW,NON TEA GARDEN,BAGHJAN_GAON PWSS,ASIF,Navish Tulshyan,384,303,TINSUKIA,ONGOING,NON_OPERATIVE,Non Operative,PHE Contractor - Under DLP,,,,,,,,,Tariff Collection: YES,,100,,
135,22495,30218098,MAKUM,MAKUM,BAGHJAN,NEW,NON TEA GARDEN,DAIMUKHIYA PT 1 PWSS,ASIF,Navish Tulshyan,109,30,TINSUKIA,ONGOING,NON_OPERATIVE,Non Operative,,,,,,,,,,Tariff Collection: NO,,70,,
140,17689,30190750,MAKUM,MAKUM,BAGHJAN,NEW,TEA GARDEN SCHEME,DAIMUKHIYA T.E. 84 WL PWSS,ASIF,Kalyan Chetia,199,232,TINSUKIA,HANDED_OVER,OPERATIVE,Fully Operative,P&RD - 15 FC,YES,YES,YES,214770,PROTIM SONOWAL ,Completed,,,Tariff Collection: NO,,100,,
147,10902,30085536,MAKUM,MAKUM,BAGHJAN,NEW,TEA GARDEN SCHEME,DIGHAL TARANG PART 1 PWSS,ASIF,M/S Nunu Enterprise,405,401,TINSUKIA,ONGOING,NON_OPERATIVE,Non Operative,,,,,,,,,,Tariff Collection: NO,,70,,
148,10901,30217054,MAKUM,MAKUM,BAGHJAN,NEW,TEA GARDEN SCHEME,DIGHALTARANG T.E. 120-117 PWSS,ASIF,M/S Soumya Nirman And Construction Pvt. Ltd.,237,225,TINSUKIA,ONGOING,NON_OPERATIVE,Non Operative,,,,,,,,,,Tariff Collection: YES,,100,,
149,10903,30217066,MAKUM,MAKUM,BAGHJAN,NEW,TEA GARDEN SCHEME,DIGHALTARANG T.E. 121-122-118 PWSS,ASIF,M/S Puna Hinda,784,623,TINSUKIA,ONGOING,NON_OPERATIVE,Non Operative,,,,,,,,,,Tariff Collection: NO,,100,,
150,22479,30218435,MAKUM,MAKUM,BAGHJAN,NEW,NON TEA GARDEN,Diyamuli Gaon pwss,SUMU,Navish Tulshyan,235,166,TINSUKIA,ONGOING,NON_OPERATIVE,Non Operative,,,,,,,,,,Tariff Collection: YES,,100,,
157,16821,30185331,MAKUM,MAKUM,BAJALTALI,NEW,TEA GARDEN SCHEME,BOZALTOLI T.E.(DIV.) NO-13 FS.GT PWSS,ATLANTA,Kalyan Chetia,128,97,TINSUKIA,HANDED_OVER,OPERATIVE,Partially Operative,P&RD - 15 FC,YES,YES,YES,89754,Jugita Moran,Ongoing,,,Tariff Collection: NO,,100,,
160,16823,30145713,MAKUM,MAKUM,BAJALTALI,NEW,NON TEA GARDEN,DIHINGIA GAON PWSS,ATLANTA,HEMANTA SINGHA,186,186,TINSUKIA,HANDED_OVER,OPERATIVE,Fully Operative,,,,,,,,,,Tariff Collection: NO,,100,,
162,10725,30077720,MAKUM,MAKUM,BAJALTALI,NEW,TEA GARDEN SCHEME,GELAPUKHURI T.E.258 NLR .GT. PART 2 PWSS,RAJDEEP,M/s Neccon Power & Infra Limited,397,223,TINSUKIA,ONGOING,NON_OPERATIVE,Non Operative,,,,,,,,,,Tariff Collection: YES,,100,,
163,10737,30077706,MAKUM,MAKUM,BAJALTALI,NEW,NON TEA GARDEN,BAZALTOLI GAON PART 2 PWSS ( HUKANPUKHURI NO 1 ),RAJDEEP,M/s Neccon Power & Infra Limited,493,328,TINSUKIA,ONGOING,NON_OPERATIVE,Non Operative,,,,,,,,,,Tariff Collection: NO,Estimated Submitted to P&RD - Work Ongoing,100,,
164,10741,30076245,MAKUM,MAKUM,BAJALTALI,NEW,NON TEA GARDEN,HENGALGURI PWSS ( HUKANPUKHURI NO 2 ),RAJDEEP,M/s Neccon Power & Infra Limited,395,284,TINSUKIA,ONGOING,NON_OPERATIVE,Non Operative,,,,,,,,,,Tariff Collection: NO,,85,,
165,22513,30218163,MAKUM,MAKUM,BAJALTALI,NEW,TEA GARDEN SCHEME,HUKANPUKHURI NO 3 PWSS,ATLANTA,LACHIT PHUKAN,248,244,TINSUKIA,HANDED_OVER,NON_OPERATIVE,Non Operative,P&RD - 15 FC,YES,YES,YES,90604,DK BORA,Ongoing,,Theft of Centrifugal Pump Set,Tariff Collection: NO,,43,,
166,22515,30218177,MAKUM,MAKUM,BAJALTALI,NEW,TEA GARDEN SCHEME,HUKANPUKHURI NO 4 PWSS,ATLANTA,Rajiv Gohain,173,154,TINSUKIA,HANDED_OVER,OPERATIVE,Fully Operative,,,,,,,,,,Tariff Collection: NO,,100,,
171,16827,30039603,MAKUM,MAKUM,BAJALTALI,NEW,NON TEA GARDEN,LEZAIHULA PART I PWSS,ATLANTA,VISHAL BAHETI,427,362,TINSUKIA,HANDED_OVER,OPERATIVE,Fully Operative,,,,,,GAUTAM DAS,,,,Tariff Collection: NO,,30,,
172,29118,30202701,MAKUM,MAKUM,BAJALTALI,NEW,NON TEA GARDEN,NAKHRAI GAON PT I PWSS,ATLANTA,SRI DHIRU KAMAL NEOG,167,161,TINSUKIA,HANDED_OVER,OPERATIVE,Fully Operative,P&RD - 15 FC,YES,YES,YES,59232,Jugita Moran,Completed,,,Tariff Collection: NO,,38,,
173,10744,30076254,MAKUM,MAKUM,BAJALTALI,NEW,NON TEA GARDEN,NO-1BALUPARA PWSS,RAJDEEP,M/s Neccon Power & Infra Limited,359,243,TINSUKIA,HANDED_OVER,OPERATIVE,Partially Operative,P&RD - 15 FC,YES,YES,YES,99937,DHIRUKAMAL NEOG,,,,Tariff Collection: NO,,100,,
174,16836,30203957,MAKUM,MAKUM,BAJALTALI,NEW,NON TEA GARDEN,NO-2 BALUPARA GAON PWSS,ATLANTA,SRI DHIRU KAMAL NEOG,135,135,TINSUKIA,HANDED_OVER,OPERATIVE,Partially Operative,P&RD - 15 FC,NO,,,,GAUTAM DAS,,,,Tariff Collection: NO,,95,,
175,16838,30203958,MAKUM,MAKUM,BAJALTALI,NEW,NON TEA GARDEN,NOKHRAI DHEKERI PWSS,ATLANTA,Rijul Bawa,104,51,TINSUKIA,HANDED_OVER,OPERATIVE,Fully Operative,P&RD - 15 FC,YES,YES,YES,134431,NOMITA CHUTIA,Completed,,,Tariff Collection: NO,,100,,
176,10747,30076251,MAKUM,MAKUM,BAJALTALI,NEW,TEA GARDEN SCHEME,NOKHROY T.E. 162-159 NLR - 149-146 NLR PWSS,RAJDEEP,M/s Neccon Power & Infra Limited,640,522,TINSUKIA,HANDED_OVER,NON_OPERATIVE,Fully Operative,P&RD - 15 FC,YES,YES,YES,98573,DHIRUKAMAL NEOG,,,Leakage in Distribution Line,Tariff Collection: NO,,100,,
177,16842,30147319,MAKUM,MAKUM,BAJALTALI,NEW,TEA GARDEN SCHEME,NOKHROY TE.149-146(P)161-158 216-194-192 PWSS,ATLANTA,SRI DHIRU KAMAL NEOG,327,327,TINSUKIA,HANDED_OVER,OPERATIVE,Fully Operative,P&RD - 15 FC,YES,YES,YES,92972,Jugita Moran,Completed,,,Tariff Collection: NO,,70,,
178,16845,30203971,MAKUM,MAKUM,BAJALTALI,NEW,NON TEA GARDEN,OKANIMURIYA BONGALI 2 PWSS,ATLANTA,Nortech Power Projects Pvt. Ltd.,120,109,TINSUKIA,HANDED_OVER,OPERATIVE,Fully Operative,P&RD - 15 FC,YES,YES,YES,53946,Subrata Neog,Completed,,,Tariff Collection: NO,,85,,
179,16846,30072986,MAKUM,MAKUM,BAJALTALI,NEW,TEA GARDEN SCHEME,PABHAJAN T.E.223-221 NLR PWSS,ATLANTA,PRACHURYA NEOG,257,101,TINSUKIA,HANDED_OVER,OPERATIVE,Fully Operative,,,,,,,,,,Tariff Collection: NO,,25,,
180,16849,30196427,MAKUM,MAKUM,BAJALTALI,NEW,NON TEA GARDEN,PADUMANI PWSS,ATLANTA,Rijul Bawa,230,230,TINSUKIA,HANDED_OVER,OPERATIVE,Partially Operative,P&RD - 15 FC,NO,,,,GAUTAM DAS,,,,Tariff Collection: NO,,100,,
468,11229,30017381,MAKUM,MAKUM,HATIJAN,NEW,NON TEA GARDEN,AMGURI GAON PWSS,RISHA,M/S PURBVATTAR ENTERPRISE,491,309,TINSUKIA,HANDED_OVER,OPERATIVE,Fully Operative,P&RD - 15 FC,YES,YES,YES,186351,SUBRATA NEOG,,,,Tariff Collection: NO,,46,,
471,22490,30218064,MAKUM,MAKUM,BAREKURI,NEW,NON TEA GARDEN,BAREKURI GAON PWSS,ANINDITA,Nortech Power Projects Pvt. Ltd.,290,226,TINSUKIA,HANDED_OVER,OPERATIVE,Non Operative,OTHERS - PL SPECIFY IN REMARKS,,,,,,,electricity bill pending,,Tariff Collection: NO,,100,,
472,17703,30216416,MAKUM,MAKUM,BAREKURI,NEW,NON TEA GARDEN,BEBEJIA GAON PWSS,ANINDITA,Manirul Haque Ansari,146,160,TINSUKIA,HANDED_OVER,OPERATIVE,Partially Operative,P&RD - 15 FC,ON PROCESS,,,,,,,,Tariff Collection: NO,CONTRACTOR - Work Ongoing,100,,
473,17705,30216440,MAKUM,MAKUM,BAREKURI,NEW,NON TEA GARDEN,BETJAN BONGALI GAON PWSS,ANINDITA,M/S Tirupati & Associates,118,68,TINSUKIA,ONGOING,PARTIALLY_OPERATIVE,Non Operative,,,,,,,,,,Tariff Collection: NO,,19,,
474,11215,30000850,MAKUM,MAKUM,HAPJAN,NEW,TEA GARDEN SCHEME,BETJAN T.E. 154-151 NLR PWSS,RISHA,Kalyan Chetia,330,330,TINSUKIA,HANDED_OVER,OPERATIVE,Fully Operative,,,,,,,,,,Tariff Collection: NO,,100,,
475,11217,30023573,MAKUM,MAKUM,HAPJAN,NEW,TEA GARDEN SCHEME,BETJAN T.E. 255 NLR PWSS,RISHA,Dulal Dutta,273,273,TINSUKIA,HANDED_OVER,OPERATIVE,Partially Operative,P&RD - 15 FC,YES,YES,YES,195881,SUBRATA NEOG,Ongoing,,,Tariff Collection: NO,,100,,
476,17770,30018516,MAKUM,MAKUM,HAPJAN,NEW,TEA GARDEN SCHEME,BETJAN T.E. 297 NLR PWSS,RISHA,Kalyan Chetia,129,129,TINSUKIA,HANDED_OVER,NON_OPERATIVE,Non Operative,P&RD - 15 FC,YES,YES,NO,78371,,,,Centrifugal Pump Malfunction:Leakage in Distribution Line,Tariff Collection: NO,,100,,
477,19457,30216859,MAKUM,MAKUM,HAPJAN,NEW,TEA GARDEN SCHEME,CCHUTA HAPJAN PART 1 PWSS,RISHA,M/S Tirupati & Associates,152,172,TINSUKIA,HANDED_OVER,OPERATIVE,Fully Operative,,,,,,,,,,Tariff Collection: YES,,100,,
479,11220,30000864,MAKUM,MAKUM,HAPJAN,NEW,TEA GARDEN SCHEME,CHOTOHAPJAN 114-4 NLR. PWSS,RISHA,Kalyan Chetia,535,535,TINSUKIA,HANDED_OVER,NON_OPERATIVE,Non Operative,OTHERS - PL SPECIFY IN REMARKS,,,,,,,disconn. due to non-payment of E. Bill,Leakage in Distribution Line:Valve Leakage/Damage,Tariff Collection: NO,,100,,
480,17773,30036609,MAKUM,MAKUM,HAPJAN,NEW,TEA GARDEN SCHEME,CHOTOHAPJAN 120 (PATTALAND) PWSS,RISHA,Kalyan Chetia,233,203,TINSUKIA,HANDED_OVER,NON_OPERATIVE,Non Operative,P&RD - 15 FC,YES,YES,YES,110124,SARTHI CHETRI,Not Started,Allotted by Panchayat,Centrifugal Pump Malfunction,Tariff Collection: YES,,100,,
481,17774,30216865,MAKUM,MAKUM,HAPJAN,NEW,NON TEA GARDEN,CHUTA HAPJAN NAGAON PWSS,RISHA,M/S Tirupati & Associates,139,70,TINSUKIA,ONGOING,,,,,,,,,,,,Tariff Collection: NO,,100,,
482,11211,30014817,MAKUM,MAKUM,HAPJAN,NEW,TEA GARDEN SCHEME,CHUTA HAPJAN T.E. 129 FS. PWSS,RISHA,Manirul Haque Ansari,383,368,TINSUKIA,HANDED_OVER,NON_OPERATIVE,Non Operative,PWD,YES,NO,NO,903398,,,,Pipeline Damage due to PWD road construction or Augmentation,Tariff Collection: YES,,100,,
483,17787,30190679,MAKUM,MAKUM,HAPJAN,NEW,TEA GARDEN SCHEME,CHUTA HAPJAN T.E. 56 WL PWSS,RISHA,Kalyan Chetia,135,140,TINSUKIA,HANDED_OVER,OPERATIVE,Fully Operative,,,,,,,,,,Tariff Collection: NO,,100,,
484,22496,30222121,MAKUM,MAKUM,BAREKURI,NEW,NON TEA GARDEN,DENKA GAON PART-2 PWSS,ANINDITA,ARUPJYOTI GOGOI,214,131,TINSUKIA,ONGOING,,Non Operative,,,,,,,,,,Tariff Collection: NO,,100,,
485,17706,30222118,MAKUM,MAKUM,BAREKURI,NEW,NON TEA GARDEN,DENKA GAON PWSS,ANINDITA,Nortech Power Projects Pvt. Ltd.,159,159,TINSUKIA,HANDED_OVER,OPERATIVE,Fully Operative,P&RD - 15 FC,YES,YES,YES,98650,RUPAM BORAH,Completed,,,Tariff Collection: NO,,100,,
492,17707,30191269,MAKUM,MAKUM,BAREKURI,NEW,NON TEA GARDEN,DIGHAL SAKO GAON PWSS,ANINDITA,Nortech Power Projects Pvt. Ltd.,150,164,TINSUKIA,HANDED_OVER,OPERATIVE,Partially Operative,P&RD - 15 FC,YES,YES,YES,75119,SUBRATA NEOG,Completed,,,Tariff Collection: NO,,100,,
494,17794,30192573,MAKUM,MAKUM,HAPJAN,NEW,NON TEA GARDEN,GANGABARI CHUCK PWSS,RISHA,Rajiv Gohain,191,202,TINSUKIA,HANDED_OVER,OPERATIVE,Fully Operative,,,,,,,,,,Tariff Collection: NO,,100,,
495,22504,30218120,MAKUM,MAKUM,BAREKURI,NEW,NON TEA GARDEN,GARIATING CHUCK PWSS,ANINDITA,Sri Jitu Hazarika,118,105,TINSUKIA,HANDED_OVER,OPERATIVE,Fully Operative,,,,,,,,,,Tariff Collection: NO,,80,,
501,11226,30217040,MAKUM,MAKUM,HATIJAN,NEW,NON TEA GARDEN,HALLOWTUP GAON PWSS,RISHA,M/S Soumya Nirman And Construction Pvt. Ltd.,272,202,TINSUKIA,ONGOING,,Non Operative,,,,,,,,,,Tariff Collection: NO,,85,,
503,11250,30048110,MAKUM,MAKUM,HATIJAN,NEW,TEA GARDEN SCHEME,HILIKHA T.E. 5 WL PWSS,RISHA,M/S Puna Hinda,1161,1035,TINSUKIA,ONGOING,,Non Operative,,,,,,,,,,Tariff Collection: NO,,85,,
504,11310,30216619,MAKUM,MAKUM,HATIJAN,NEW,TEA GARDEN SCHEME,HUKANGURI T.E. 110 FS. PWSS,RISHA,M/s Shri Ohm Construction,292,251,TINSUKIA,ONGOING,,Non Operative,,,,,,,,,,Tariff Collection: YES,,100,,
505,11313,30015743,MAKUM,MAKUM,HATIJAN,NEW,TEA GARDEN SCHEME,HUKANGURI T.E. 23-20 NLR PWSS,RISHA,M/S Nunu Enterprise,385,387,TINSUKIA,ONGOING,,Non Operative,,,,,,,,,,Tariff Collection: YES,,100,,
506,17803,30196237,MAKUM,MAKUM,HATIJAN,NEW,TEA GARDEN SCHEME,HUKANGURI T.E. 86 NLR PWSS,RISHA,M/S Sumar Construction,310,242,TINSUKIA,ONGOING,,Non Operative,,,,,,,,,,Tariff Collection: NO,,85,,
509,17709,30193888,MAKUM,MAKUM,BAREKURI,NEW,TEA GARDEN SCHEME,LANGSOWAL T.E. 210-208 PWSS,ANINDITA,Nortech Power Projects Pvt. Ltd.,163,163,TINSUKIA,HANDED_OVER,PARTIALLY_OPERATIVE,Partially Operative,P&RD - 15 FC,ON PROCESS,,,,,,,Leakage in Distribution Line,Tariff Collection: YES,,100,,
510,11221,30216825,MAKUM,MAKUM,HAPJAN,NEW,NON TEA GARDEN,LESENGKA BANGALI GAON PWSS,RISHA,Pranab Chetia,443,450,TINSUKIA,HANDED_OVER,OPERATIVE,Fully Operative,,,,,,,,,,Tariff Collection: NO,,79,,
511,10908,30216843,MAKUM,MAKUM,BAREKURI,NEW,TEA GARDEN SCHEME,LONGSOWAL T.E. 109-112 PWSS,ANINDITA,Nortech Power Projects Pvt. Ltd.,480,417,TINSUKIA,HANDED_OVER,OPERATIVE,Fully Operative,P&RD - 15 FC,YES,YES,YES,99924,SUBRATA NEOG,Completed,,,Tariff Collection: NO,,81,,
512,10909,30014914,MAKUM,MAKUM,BAREKURI,NEW,TEA GARDEN SCHEME,LONGSOWAL T.E. 254 NLR PWSS,ANINDITA,M/S Purbantar Enterprise,258,258,TINSUKIA,HANDED_OVER,NON_OPERATIVE,Non Operative,OTHERS - PL SPECIFY IN REMARKS,,,,,inactive jal mitra,,inactive jalmitra,Leakage in Distribution Line:Valve Leakage/Damage,Tariff Collection: NO,,100,,
513,17714,30014415,MAKUM,MAKUM,BAREKURI,NEW,TEA GARDEN SCHEME,LONSOWAL T.E. 429-192 NLR PWSS,ANINDITA,Prosanta Hatibaruah,198,190,TINSUKIA,HANDED_OVER,OPERATIVE,Non Operative,P&RD - 15 FC,ON PROCESS,,,,,,,,Tariff Collection: NO,,42,,
514,22518,30218239,MAKUM,MAKUM,HAPJAN,NEW,NON TEA GARDEN,Makum junction gaon PWSS,RISHA,Kalyan Chetia,216,252,TINSUKIA,HANDED_OVER,OPERATIVE,Partially Operative,,,,,,,,contractor will do on good will,,Tariff Collection: NO,,85,,
520,11225,30077802,MAKUM,MAKUM,HAPJAN,NEW,NON TEA GARDEN,NO.2 CHUTAHAPJAN GAON PWSS,RISHA,Kalyan Chetia,468,372,TINSUKIA,HANDED_OVER,OPERATIVE,Partially Operative,P&RD - 15 FC,YES,YES,YES,77659,Subrata Neog ,Ongoing,,,Tariff Collection: NO,,100,,
521,17796,30203951,MAKUM,MAKUM,HAPJAN,NEW,NON TEA GARDEN,NO.3 CHOTOHAPJAN GAON PWSS,RISHA,Kalyan Chetia,197,197,TINSUKIA,HANDED_OVER,OPERATIVE,Fully Operative,,,,,,,,,,Tariff Collection: NO,,95,,
533,17799,30217150,MAKUM,MAKUM,HAPJAN,NEW,NON TEA GARDEN,SANTIPUR CHUBURI PWSS,RISHA,M/S Electro Mechnico Projects (P) Ltd,131,131,TINSUKIA,HANDED_OVER,OPERATIVE,Partially Operative,P&RD - 15 FC,YES,YES,YES,82314,Subrata Neog ,Ongoing,,,Tariff Collection: NO,,90,,
535,17715,30183786,MAKUM,MAKUM,BAREKURI,NEW,NON TEA GARDEN,TARAJAN GAON PT 1 PWSS,ANINDITA,Nortech Power Projects Pvt. Ltd.,105,96,TINSUKIA,HANDED_OVER,OPERATIVE,Partially Operative,P&RD - 15 FC,ON PROCESS,,,,,,,,Tariff Collection: NO,,100,,
702,18085,30191273,MAKUM,MAKUM,LANGKASHI,NEW,NON TEA GARDEN,DIMORUHOLLA PWSS,RANJITA,ANANGA SONOWAL,234,186,TINSUKIA,ONGOING,NON_OPERATIVE,Non Operative,,,,,,,,,,Tariff Collection: NO,,85,,
703,18099,30010873,MAKUM,MAKUM,TENGAPANI,NEW,NON TEA GARDEN,HEBEDA BONGALI GAON PWSS,PADMINI,M/S N.D. Enterprises,261,261,TINSUKIA,HANDED_OVER,OPERATIVE,Fully Operative,P&RD - 15 FC,YES,YES,YES,95690,SUBRATA NEOG,Completed,,,Tariff Collection: NO,,100,,
704,18103,30022923,MAKUM,MAKUM,TENGAPANI,NEW,NON TEA GARDEN,HEBEDA TE.WLA NO-32 PWSS,PADMINI,ALOK KUMAR SINGH,227,199,TINSUKIA,ONGOING,NON_OPERATIVE,Non Operative,,,,,,,,,,Tariff Collection: NO,,77,,
707,22510,30218209,MAKUM,MAKUM,TENGAPANI,NEW,NON TEA GARDEN,Kherbari PWSS,PADMINI,UMESHWAE ROY,162,139,TINSUKIA,ONGOING,NON_OPERATIVE,Non Operative,,,,,,,,,,Tariff Collection: NO,Estimated Submitted to P&RD - Work Ongoing,100,,
709,11776,30004522,MAKUM,MAKUM,TENGAPANI,NEW,TEA GARDEN SCHEME,LANGKACHI T.E.307-329 NLR. PWSS,PADMINI,Nortech Power Projects Pvt. Ltd.,216,216,TINSUKIA,HANDED_OVER,OPERATIVE,Fully Operative,,,,,,,,,,Tariff Collection: NO,,80,,
710,22486,30218247,MAKUM,MAKUM,TENGAPANI,NEW,NON TEA GARDEN,MAKUM POLICE CAMP PWSS,PADMINI,UMESHWAE ROY,144,99,TINSUKIA,ONGOING,,Non Operative,,,,,,,,,,Tariff Collection: NO,,90,,
714,22476,30218768,MAKUM,MAKUM,LANGKASHI,NEW,NON TEA GARDEN,RAJGARAH TE PWSS,RANJITA,Kirti Kamal Baruah,41,32,TINSUKIA,ONGOING,NON_OPERATIVE,Non Operative,,,,,,,,,,Tariff Collection: NO,,90,,
715,19490,30199644,MAKUM,MAKUM,TENGAPANI,NEW,TEA GARDEN SCHEME,RAJGHAR TE KHER PWSS,PADMINI,UMESHWAE ROY,637,599,TINSUKIA,ONGOING,NON_OPERATIVE,Non Operative,,,,,,,,,,Tariff Collection: NO,,49,,
716,22485,30218770,MAKUM,MAKUM,TENGAPANI,NEW,TEA GARDEN SCHEME,TENGAPANI TE GARDEN PWSS,PADMINI,M/S S.B. Enterprise,64,60,TINSUKIA,HANDED_OVER,OPERATIVE,Fully Operative,P&RD - 15 FC,YES,YES,YES,40992,SUBRATA NEOG,Completed,,,Tariff Collection: NO,,100,,
717,18105,30116431,MAKUM,MAKUM,TENGAPANI,NEW,TEA GARDEN SCHEME,TENGAPANI TE.664-105 NLR.GT. PWSS,PADMINI,Kajal Hore,82,82,TINSUKIA,HANDED_OVER,OPERATIVE,Fully Operative,P&RD - 15 FC,YES,,,99293,PRATIM SONOWAL,Ongoing,,,Tariff Collection: NO,,29,,
718,11791,30003754,MAKUM,MAKUM,TENGAPANI,NEW,TEA GARDEN SCHEME,TENGAPANI TE.NO-316 NLR.GT. PWSS,PADMINI,Nortech Power Projects Pvt. Ltd.,358,358,TINSUKIA,HANDED_OVER,OPERATIVE,Fully Operative,,,,,,,,,,Tariff Collection: NO,,41,,
719,11794,30025202,MAKUM,MAKUM,TENGAPANI,NEW,NON TEA GARDEN,TINGRAI GAON PT II PWSS,PADMINI,Nortech Power Projects Pvt. Ltd.,314,314,TINSUKIA,HANDED_OVER,OPERATIVE,Fully Operative,,,,,,,,,,Tariff Collection: NO,,100,,
720,18107,30184001,MAKUM,MAKUM,TENGAPANI,NEW,NON TEA GARDEN,TINGRAI HEBEDA PWSS,PADMINI,Himanta Gogoi,85,85,TINSUKIA,HANDED_OVER,OPERATIVE,Partially Operative,P&RD - 15 FC,ON PROCESS,NO,YES,,,,,,Tariff Collection: NO,Estimated Submitted to P&RD - Work Not Started,100,,
721,10769,30077549,MAKUM,MAKUM,DIMORUGURI,NEW,NON TEA GARDEN,GAHARIPAM GAON PART 2 PWSS,RAJDEEP,M/s Neccon Power & Infra Limited,281,217,TINSUKIA,ONGOING,NON_OPERATIVE,Non Operative,,,,,,,,,,Tariff Collection: NO,,52,,
722,16866,30196323,MAKUM,MAKUM,DIMORUGURI,NEW,NON TEA GARDEN,JUGIPATHAR PWSS,SUMU,Kalyan Chetia,238,221,TINSUKIA,HANDED_OVER,OPERATIVE,Partially Operative,P&RD - 15 FC,NO,NO,NO,,,,,,Tariff Collection: NO,,79,,
723,10771,30077796,MAKUM,MAKUM,DIMORUGURI,NEW,NON TEA GARDEN,KADOMONI GAON PWSS,RAJDEEP,M/s Neccon Power & Infra Limited,517,390,TINSUKIA,ONGOING,NON_OPERATIVE,Non Operative,,,,,,,,,,Tariff Collection: NO,Estimated Submitted to P&RD - Work Not Started,100,,
724,10779,30077799,MAKUM,MAKUM,DIMORUGURI,NEW,NON TEA GARDEN,KAPTANCHUK GAON PWSS,RAJDEEP,M/s Neccon Power & Infra Limited,539,307,TINSUKIA,ONGOING,NON_OPERATIVE,Non Operative,,,,,,,,,,Tariff Collection: NO,,35,,
725,16869,30193268,MAKUM,MAKUM,DIMORUGURI,NEW,NON TEA GARDEN,KUKUREKHOWA PWSS,SUMU,Nortech Power Projects Pvt. Ltd.,107,100,TINSUKIA,HANDED_OVER,OPERATIVE,Fully Operative,,,,,,,,,,Tariff Collection: NO,,100,,
726,10783,30077530,MAKUM,MAKUM,DIMORUGURI,NEW,NON TEA GARDEN,LUNPURIYA BENGALI PT 2 PWSS,RAJDEEP,M/s Neccon Power & Infra Limited,259,197,TINSUKIA,ONGOING,NON_OPERATIVE,Non Operative,,,,,,,,,,Tariff Collection: NO,,94,,
727,22517,30218223,MAKUM,MAKUM,DIMORUGURI,NEW,NON TEA GARDEN,LUNPURIYA BENGALI PT 5 PWSS,SUMU,VISHAL BAHETI,198,176,TINSUKIA,HANDED_OVER,OPERATIVE,Partially Operative,P&RD - 15 FC,YES,YES,YES,43080,SUBRATA NEOG,Ongoing,,,Tariff Collection: NO,Estimates Already send under SOPD to HQ,100,YES,726955
728,22516,30218775,MAKUM,MAKUM,DIMORUGURI,NEW,NON TEA GARDEN,LUNPURIYA KAIBARTA PT 1 PWSS,SUMU,VISHAL BAHETI,131,131,TINSUKIA,HANDED_OVER,OPERATIVE,Fully Operative,,,,,,,,,,Tariff Collection: NO,,100,,
729,10894,30077501,MAKUM,MAKUM,PANITOLA,NEW,NON TEA GARDEN,PANITOLA PART 2 PWSS,RAJDEEP,M/s Neccon Power & Infra Limited,262,240,TINSUKIA,ONGOING,NON_OPERATIVE,Non Operative,,,,,,,,,,Tariff Collection: NO,,18,,
730,10895,30077546,MAKUM,MAKUM,PANITOLA,NEW,TEA GARDEN SCHEME,PANITOLA T.E. 108-105 FS PWSS,RAJDEEP,M/s Neccon Power & Infra Limited,278,272,TINSUKIA,HANDED_OVER,NON_OPERATIVE,Non Operative,P&RD - 15 FC,YES,YES,YES,87502,TUSHAR SHARMA,,,Leakage in Distribution Line:Electrical Fault in the Starter,Tariff Collection: NO,,46,,
731,10896,30045407,MAKUM,MAKUM,PANITOLA,NEW,TEA GARDEN SCHEME,PANITOLA T.E. NO - 105-102-75-72 NLR PWSS,RAJDEEP,M/s Neccon Power & Infra Limited,623,477,TINSUKIA,ONGOING,PARTIALLY_OPERATIVE,,,,,,,,,,,Tariff Collection: NO,Estimated Submitted to P&RD - Work Ongoing,100,,
732,16909,30045411,MAKUM,MAKUM,PANITOLA,NEW,TEA GARDEN SCHEME,PANITOLA TE.NO-111 NLR NEW,RAJDEEP,M/s Neccon Power & Infra Limited,384,347,TINSUKIA,ONGOING,NON_OPERATIVE,Non Operative,,,,,,,,,,Tariff Collection: NO,PWD,100,YES,391413
733,10898,30077525,MAKUM,MAKUM,PANITOLA,NEW,TEA GARDEN SCHEME,PANITOLA TE.NO-66 FS.GT PWSS,RAJDEEP,M/s Neccon Power & Infra Limited,433,115,TINSUKIA,ONGOING,NON_OPERATIVE,Non Operative,,,,,,,,,,Tariff Collection: NO,Estimated Submitted to P&RD - Work Ongoing,100,,
734,22508,30218301,MAKUM,MAKUM,PANITOLA,NEW,TEA GARDEN SCHEME,PANITOLA TE.NO-68 FS PT 1 PWSS,PRANAMIKA,Dulal Chandra Roy,125,121,TINSUKIA,HANDED_OVER,PARTIALLY_OPERATIVE,Partially Operative,P&RD - 15 FC,YES,YES,YES,82766,GAUTAM DAS,Ongoing,,Leakage in Distribution Line,Tariff Collection: NO,,100,,
735,10899,30077542,MAKUM,MAKUM,PANITOLA,NEW,TEA GARDEN SCHEME,PANITOLA TE.NO-68 FS.GT PWSS,RAJDEEP,M/s Neccon Power & Infra Limited,237,210,TINSUKIA,ONGOING,PARTIALLY_OPERATIVE,,,,,,,,,,,Tariff Collection: NO,,42,,
736,10900,30077791,MAKUM,MAKUM,PANITOLA,NEW,NON TEA GARDEN,PANITOLA TOWN PWSS,RAJDEEP,M/s Neccon Power & Infra Limited,428,363,TINSUKIA,ONGOING,NON_OPERATIVE,Non Operative,,,,,,,,,,Tariff Collection: NO,Estimated Submitted to P&RD - Work Ongoing,100,,
737,22489,30218061,MAKUM,MAKUM,BORUA HOLLA,NEW,NON TEA GARDEN,BALIJAN PT 1 PWSS,PRANAMIKA,Dulal Chandra Roy,166,138,TINSUKIA,HANDED_OVER,PARTIALLY_OPERATIVE,Partially Operative,P&RD - 15 FC,YES,YES,YES,78078,TARUN PAUL,Ongoing,,Leakage in Distribution Line,Tariff Collection: NO,,100,,
738,10765,30018638,MAKUM,MAKUM,BORUA HOLLA,NEW,NON TEA GARDEN,BARUAHOLLA NO 1 PWSS,RAJDEEP,M/s Neccon Power & Infra Limited,290,273,TINSUKIA,HANDED_OVER,PARTIALLY_OPERATIVE,Partially Operative,P&RD - 15 FC,YES,YES,YES,90077,TUSHAR SHARMA,,,Leakage in Distribution Line,Tariff Collection: YES,,100,,
739,16861,30033023,MAKUM,MAKUM,BORUA HOLLA,NEW,NON TEA GARDEN,DHARIYA PWSS,PRANAMIKA,M/s Surya International,157,146,TINSUKIA,HANDED_OVER,OPERATIVE,Partially Operative,P&RD - 15 FC,ON PROCESS,,,,,,Ongoing scheme,,Tariff Collection: YES,PWD,100,,
740,10766,30077539,MAKUM,MAKUM,BORUA HOLLA,NEW,NON TEA GARDEN,GANDHIYA PT 2 PWSS,RAJDEEP,M/s Neccon Power & Infra Limited,222,161,TINSUKIA,ONGOING,,Non Operative,,,,,,,,,,Tariff Collection: NO,,100,,
741,22497,30218112,MAKUM,MAKUM,BORUA HOLLA,NEW,NON TEA GARDEN,GANDHIYA PT 3 PWSS,PRANAMIKA,SRI DHIRU KAMAL NEOG,126,51,TINSUKIA,ONGOING,NON_OPERATIVE,Non Operative,,,,,,,,,,Tariff Collection: NO,,70,,
742,16865,30075986,MAKUM,MAKUM,BORUA HOLLA,NEW,NON TEA GARDEN,KAJIKHOWA GAON PWSS,PRANAMIKA,M/s Surya International,241,160,TINSUKIA,HANDED_OVER,PARTIALLY_OPERATIVE,Partially Operative,P&RD - 15 FC,YES,YES,YES,153450,TUSHAR SHARMA,Ongoing,,Leakage in Distribution Line,Tariff Collection: NO,,100,,
743,17813,30143517,MAKUM,MAKUM,KORDOIGURI,NEW,TEA GARDEN SCHEME,BAGHJAN T.E. 137-140 (A) NLR PWSS,SUMU,Mrinal Dowarah,174,174,TINSUKIA,HANDED_OVER,PARTIALLY_OPERATIVE,Partially Operative,PHE Contractor - Under DLP,NO,NO,,,,Ongoing,,Leakage in Distribution Line,Tariff Collection: YES,,100,,
744,11317,30216382,MAKUM,MAKUM,KORDOIGURI,NEW,TEA GARDEN SCHEME,BAGHJAN T.E. 137-140 (B) NLR PWSS,SUMU,M/S Capital Enterprise,313,294,TINSUKIA,ONGOING,NON_OPERATIVE,Non Operative,,,,,,,,,,Tariff Collection: NO,Estimated Submitted to P&RD - Work Ongoing,100,,
745,11331,30216388,MAKUM,MAKUM,KORDOIGURI,NEW,TEA GARDEN SCHEME,BAGHJAN T.E. 212-167-214-164 PWSS,SUMU,M/S Soumya Nirman And Construction Pvt. Ltd.,217,157,TINSUKIA,ONGOING,NON_OPERATIVE,Non Operative,,,,,,,,,,Tariff Collection: NO,,100,,
746,17816,30181822,MAKUM,MAKUM,KORDOIGURI,NEW,TEA GARDEN SCHEME,BAGHJAN T.E. 351-352 PWSS,SUMU,Mrinal Dowarah,206,168,TINSUKIA,ONGOING,NON_OPERATIVE,Non Operative,,,,,,,,,,Tariff Collection: NO,,100,,
747,11348,30216394,MAKUM,MAKUM,KORDOIGURI,NEW,TEA GARDEN SCHEME,BAGHJAN T.E. 353 NLR PWSS,SUMU,M/S Soumya Nirman And Construction Pvt. Ltd.,237,189,TINSUKIA,ONGOING,NON_OPERATIVE,Non Operative,,,,,,,,,,Tariff Collection: YES,,100,,
756,11384,30216917,MAKUM,MAKUM,KORDOIGURI,NEW,NON TEA GARDEN,DAZIJAN NO.1 PWSS,SUMU,M/S Soumya Nirman And Construction Pvt. Ltd.,206,191,TINSUKIA,ONGOING,NON_OPERATIVE,Non Operative,,,,,,,,,,Tariff Collection: NO,,100,,
757,17823,30192614,MAKUM,MAKUM,KORDOIGURI,NEW,NON TEA GARDEN,GATANG GAON PWSS,SUMU,M/S Vijay Agarwal & Sons,189,150,TINSUKIA,ONGOING,NON_OPERATIVE,Non Operative,,,,,,,,,,Tariff Collection: NO,,100,,
759,11386,30040405,MAKUM,MAKUM,KORDOIGURI,NEW,NON TEA GARDEN,HATISAL GAON NO.1 PWSS,SUMU,M/S PURBVATTAR ENTERPRISE,683,550,TINSUKIA,HANDED_OVER,PARTIALLY_OPERATIVE,Partially Operative,P&RD - 15 FC,YES,YES,YES,99980,SIMANTA BORUAH,Ongoing,,Submersible Pump Malfunction,Tariff Collection: NO,PWD,100,YES,1785544
760,17828,30196285,MAKUM,MAKUM,KORDOIGURI,NEW,NON TEA GARDEN,JAKAICHUK GAON PWSS,SUMU,M/s Shri Ohm Construction,231,86,TINSUKIA,ONGOING,NON_OPERATIVE,Non Operative,,,,,,,,,,Tariff Collection: NO,,60,,
761,17836,30191984,MAKUM,MAKUM,KORDOIGURI,NEW,NON TEA GARDEN,KARDAIGURI GAON NO-2 PWSS,SUMU,M/s Shri Ohm Construction,140,119,TINSUKIA,ONGOING,NON_OPERATIVE,Non Operative,,,,,,,,,,Tariff Collection: NO,,100,,
762,17839,30192887,MAKUM,MAKUM,KORDOIGURI,NEW,NON TEA GARDEN,KORDOIGURI NO. 3 PWSS,SUMU,M/s Shri Ohm Construction,175,0,TINSUKIA,ONGOING,NON_OPERATIVE,Non Operative,,,,,,,,,,Tariff Collection: NO,Estimated Submitted to P&RD - Work Not Started,100,,
763,22481,30218761,MAKUM,MAKUM,KORDOIGURI,NEW,NON TEA GARDEN,KORDOIGURI NO. 4 PWSS,SUMU,Navish Tulshyan,253,0,TINSUKIA,ONGOING,NON_OPERATIVE,Non Operative,,,,,,,,,,Tariff Collection: NO,,100,,
807,18073,30082102,MAKUM,MAKUM,LAKHI PATHER,NEW,NON TEA GARDEN,LAKHI PATHAR AMGURI GAON PWSS,PUJA,ALOK KUMAR SINGH,320,295,DIGBOI,ONGOING,,Non Operative,,,,,,,,,,Tariff Collection: YES,,100,,
808,18076,30023044,MAKUM,MAKUM,LAKHI PATHER,NEW,NON TEA GARDEN,LAKHI PATHAR KAPAHOWA PWSS,PUJA,ALOK KUMAR SINGH,204,192,DIGBOI,ONGOING,,Non Operative,,,,,,,,,,Tariff Collection: NO,,100,,
809,18078,30193715,MAKUM,MAKUM,LAKHI PATHER,NEW,NON TEA GARDEN,LAKHI PATHAR KENDUGURI PWSS,PUJA,ALOK KUMAR SINGH,567,238,DIGBOI,ONGOING,,Non Operative,,,,,,,,,,Tariff Collection: NO,,100,,
810,18080,30075125,MAKUM,MAKUM,LAKHI PATHER,NEW,NON TEA GARDEN,LAKHI PATHAR LAOPAPI GAON PWSS,PUJA,ALOK KUMAR SINGH,395,216,DIGBOI,ONGOING,,Non Operative,,,,,,,,,,Tariff Collection: YES,,100,,
811,18082,30074232,MAKUM,MAKUM,LAKHI PATHER,NEW,NON TEA GARDEN,LAKHI PATHAR RONGSANGI PWSS,PUJA,ALOK KUMAR SINGH,172,109,DIGBOI,ONGOING,,Non Operative,,,,,,,,,,Tariff Collection: NO,,100,,
812,18084,30074237,MAKUM,MAKUM,LAKHI PATHER,NEW,NON TEA GARDEN,LAKHI PATHER F.V. PWSS,PUJA,Kajal Hore,169,168,DIGBOI,HANDED_OVER,OPERATIVE,Fully Operative,,,,,,,,,,Tariff Collection: NO,,38,,
860,1953,8176097,MAKUM,MAKUM,BAGHJAN,RETROFITTING,NON TEA GARDEN,BAGHJAN NO 1 PWSS,ASIF,BRIGHT SOLAR LTD,750,795,TINSUKIA,HANDED_OVER,PARTIALLY_OPERATIVE,Partially Operative,PWD,NO,NO,NO,1347564,NO,Not Started,ESTIMATE HAS BEEN SENT TO PWD ON 28/07/26,Pipeline Damage due to PWD road construction or Augmentation,Tariff Collection: NO,PWD,100,YES,503576
865,2285,8177179,MAKUM,MAKUM,GOTTONG,RETROFITTING,TEA GARDEN SCHEME,GELLAPUKHURI T.E. 285 NLR PWSS,ANINDITA,MONUJ KUMAR,121,143,TINSUKIA,HANDED_OVER,OPERATIVE,Fully Operative,,,,,,,,,,Tariff Collection: NO,Estimated Submitted to P&RD - Work Ongoing,100,,
866,1948,8176457,MAKUM,MAKUM,GUIJAN,RETROFITTING,NON TEA GARDEN,GUIJAN PWSS,ATLANTA,BIKASH JAIN,1664,1622,TINSUKIA,HANDED_OVER,NON_OPERATIVE,Non Operative,P&RD - 15 FC,YES,YES,,109028,Contractor not yet alloted,Not Started,Estimate needs to be revised as per site requirement.,Leakage in ESR (Elevated Storage Reservoir),Tariff Collection: NO,,100,,
867,5386,8227276,MAKUM,MAKUM,GOTTONG,RETROFITTING,TEA GARDEN SCHEME,DHELAKHAT PWSS,ANINDITA,Nortech Power Projects Pvt. Ltd.,517,517,TINSUKIA,HANDED_OVER,PARTIALLY_OPERATIVE,Partially Operative,P&RD - 15 FC,YES,YES,YES,29205,SUBRATA NEOG,Completed,,Leakage in Distribution Line,Tariff Collection: NO,,100,,
868,5565,8222591,MAKUM,MAKUM,GOTTONG,RETROFITTING,NON TEA GARDEN,NATUN RONGAGORAH PWSS,ANINDITA,KULDIP GOHAIN,190,190,TINSUKIA,HANDED_OVER,NON_OPERATIVE,Non Operative,SOPD,YES,NO,,858162,,,,Leakage in Distribution Line,Tariff Collection: NO,,90,,
869,2189,8177305,MAKUM,MAKUM,BAJALTALI,RETROFITTING,NON TEA GARDEN,BAZALTOLI PWSS,ATLANTA,HEMANTA SINGHA,100,100,TINSUKIA,HANDED_OVER,OPERATIVE,Fully Operative,P&RD - 15 FC,YES,YES,YES,99973,Tushar Sharma,Completed,,,Tariff Collection: NO,,100,,
870,1947,8176969,MAKUM,MAKUM,BAJALTALI,RETROFITTING,NON TEA GARDEN,OKONIMURIA BENGALI PWSS,ATLANTA,SEWJI RAI,100,98,TINSUKIA,COMPLETED,OPERATIVE,Fully Operative,,,,,,,,,,Tariff Collection: NO,,100,,
875,5205,8203818,MAKUM,MAKUM,BAJALTALI,RETROFITTING,NON TEA GARDEN,HIJUGURI PWSS,ATLANTA,HEMANTA SINGHA,54,54,TINSUKIA,HANDED_OVER,OPERATIVE,Fully Operative,,,,,,,,,,Tariff Collection: NO,,50,,
878,5220,8203906,MAKUM,MAKUM,BAJALTALI,RETROFITTING,NON TEA GARDEN,LEZAIHOLLA PWSS,ATLANTA,SEWJI RAI,161,161,TINSUKIA,ONGOING,NON_OPERATIVE,Non Operative,,,,,,,,,,Tariff Collection: NO,,100,,
879,5591,8222258,MAKUM,MAKUM,BAJALTALI,RETROFITTING,NON TEA GARDEN,NAKHRAI PWSS,ATLANTA,KULDIP GOHAIN,170,185,TINSUKIA,HANDED_OVER,NON_OPERATIVE,Non Operative,SOPD,YES,NO,YES,704433,Not yet alloted,Not Started,,Pipeline damage (other third parties):Pipeline Damage due to PWD road construction or Augmentation,Tariff Collection: NO,,100,,
971,1951,8176998,MAKUM,MAKUM,HAPJAN,RETROFITTING,NON TEA GARDEN,BETJAN GAON PWSS,RISHA,SRI DHIRU KAMAL NEOG,150,150,TINSUKIA,HANDED_OVER,OPERATIVE,Fully Operative,,,,,,,,,,Tariff Collection: YES,,100,,
972,1954,8176286,MAKUM,MAKUM,BAREKURI,RETROFITTING,NON TEA GARDEN,JOGOKHUWA PWSS,ANINDITA,M/S B.B. ENTERPRISE PROP.- SRI BISWAJIT CHUTIA,86,86,TINSUKIA,ONGOING,OPERATIVE,Non Operative,APDCL,,,,,,,,,Tariff Collection: NO,,100,,
974,638,8177047,MAKUM,MAKUM,BAREKURI,RETROFITTING,NON TEA GARDEN,TARAJAN GAON PWSS,ANINDITA,PABAN GOGOI,52,52,TINSUKIA,HANDED_OVER,NON_OPERATIVE,Non Operative,P&RD - 15 FC,YES,YES,YES,666185,anupam,,,Pipeline damage (other third parties),Tariff Collection: NO,PWD,100,,
975,4562,5543768,MAKUM,MAKUM,BAREKURI,RETROFITTING,NON TEA GARDEN,BORGAON PWSS,ANINDITA,M/S B.B. ENTERPRISE PROP.- SRI BISWAJIT CHUTIA,203,203,TINSUKIA,HANDED_OVER,OPERATIVE,Fully Operative,P&RD - 15 FC,YES,YES,YES,75617,SUBRATA NEOG,,,,Tariff Collection: NO,Non-Payment of Electricity Bill,100,,
976,4678,4660484,MAKUM,MAKUM,HATIJAN,RETROFITTING,NON TEA GARDEN,HATIJAN GAON PWSS,RISHA,M/S B.B. ENTERPRISE PROP.- SRI BISWAJIT CHUTIA,141,141,TINSUKIA,HANDED_OVER,OPERATIVE,Non Operative,OTHERS - PL SPECIFY IN REMARKS,,,,,,,pipeline damaged during job card,,Tariff Collection: NO,Estimated Submitted to P&RD - Work Not Started,100,,
980,5589,8227208,MAKUM,MAKUM,HAPJAN,RETROFITTING,NON TEA GARDEN,CHANDMARI PWSS,RISHA,M/S S.D SALES,80,93,TINSUKIA,HANDED_OVER,OPERATIVE,Fully Operative,,,,, ,,,,,Tariff Collection: NO,,88,,
983,5227,8203861,MAKUM,MAKUM,BAREKURI,RETROFITTING,NON TEA GARDEN,LESENKA GAON PWSS,ANINDITA,SRI DHIRU KAMAL NEOG,41,41,TINSUKIA,HANDED_OVER,OPERATIVE,Fully Operative,,,,,,,,,,Tariff Collection: NO,PWD,100,,
986,5225,8203927,MAKUM,MAKUM,BAREKURI,RETROFITTING,NON TEA GARDEN,NA MATAPUNG GAON PWSS,ANINDITA,PABAN GOGOI,165,165,TINSUKIA,HANDED_OVER,OPERATIVE,Fully Operative,,,,,,,,,,Tariff Collection: NO,,100,,
987,5380,8227581,MAKUM,MAKUM,BAREKURI,RETROFITTING,NON TEA GARDEN,PURONI MOTAPUNG PWSS,ANINDITA,Nortech Power Projects Pvt. Ltd.,230,230,TINSUKIA,HANDED_OVER,NON_OPERATIVE,Non Operative,SOPD,YES,NO,,2500000,,,,Centrifugal Pump Malfunction,Tariff Collection: NO,,67,,
997,1938,8176854,MAKUM,MAKUM,TENGAPANI,RETROFITTING,NON TEA GARDEN,MAKUM JN. BENGALI PWSS,PADMINI,NABAJYOTI NEOG,121,170,TINSUKIA,HANDED_OVER,OPERATIVE,Fully Operative,P&RD - 15 FC,YES,YES,YES,,DHIRU KAMAL NEOG,,,,Tariff Collection: YES,,100,,
998,1932,8177163,MAKUM,MAKUM,TENGAPANI,RETROFITTING,NON TEA GARDEN,TINGRAI BENGALI PWSS,PADMINI,ASHIM KUMAR HAZARIKA,284,460,TINSUKIA,HANDED_OVER,PARTIALLY_OPERATIVE,Partially Operative,SOPD,YES,YES,,570675,,,,Leakage in Distribution Line,Tariff Collection: YES,,100,,
999,4525,6536967,MAKUM,MAKUM,LANGKASHI,RETROFITTING,NON TEA GARDEN,BAZALONI PWSS,RANJITA,SRI DHIRU KAMAL NEOG,386,386,TINSUKIA,HANDED_OVER,OPERATIVE,Fully Operative,P&RD - 15 FC,YES,YES,YES,96478,Subrata Neog,Completed,,,Tariff Collection: YES,,100,,
1001,4695,7898367,MAKUM,MAKUM,TENGAPANi,RETROFITTING,NON TEA GARDEN,LANGKASHI GP SAGY ZONE 1 PWSS,RANJITA,M/S VIJAY AGARWAL & SONS,1076,1076,TINSUKIA,ONGOING,PARTIALLY_OPERATIVE,,,,,,,,,,,Tariff Collection: NO,,100,,
1002,4697,7898361,MAKUM,MAKUM,LANGKASHI,RETROFITTING,NON TEA GARDEN,LANGKASHI GP SAGY ZONE 2 PWSS,RANJITA,SURESH KONWAR,870,782,TINSUKIA,ONGOING,PARTIALLY_OPERATIVE,,,,,,,,,,,Tariff Collection: YES,,100,,
1006,5359,8222582,MAKUM,MAKUM,TENGAPANI,RETROFITTING,NON TEA GARDEN,ROBORBARI PWSS,PADMINI,SEWJI RAI,177,177,TINSUKIA,HANDED_OVER,OPERATIVE,Fully Operative,,,,,,,,,,Tariff Collection: NO,,100,,
1007,5216,8227303,MAKUM,MAKUM,TENGAPANI,RETROFITTING,NON TEA GARDEN,Tengapani PWSS,PADMINI,Nortech Power Projects Pvt. Ltd.,320,422,TINSUKIA,HANDED_OVER,OPERATIVE,Partially Operative,P&RD - 15 FC,YES,YES,YES,285697,JINAMONI/NAMITA HAZARIKA,Ongoing,,,Tariff Collection: NO,,100,,
1008,5592,8229306,MAKUM,MAKUM,TENGAPANI,RETROFITTING,NON TEA GARDEN,TENGAPANI ROAD PWSS,PADMINI,GANESH BARUAH,56,94,TINSUKIA,HANDED_OVER,PARTIALLY_OPERATIVE,Fully Operative,,,,,,,,,Transformer Damage,Tariff Collection: YES,,100,,
1032,2305,8176622,MAKUM,MAKUM,LAKHI PATHER,RETROFITTING,NON TEA GARDEN,LAKHIPATHAR PWSS,PUJA,Sri Jitu Hazarika,36,36,DIGBOI,HANDED_OVER,NON_OPERATIVE,Non Operative,P&RD - 15 FC,YES,NO,YES,,MILAN DEKA,Ongoing,Due to low voltage issue and some technical problem  estimate need to prepare again,Valve Leakage/Damage,Tariff Collection: NO,,100,,
1041,2278,8175446,MAKUM,MAKUM,DIMORUGURI,RETROFITTING,NON TEA GARDEN,DHEKIAJURI PWSS,SUMU,HEMANTA SINGHA,136,159,TINSUKIA,HANDED_OVER,OPERATIVE,Non Operative,P&RD - 15 FC,NO,NO,NO,,,,Pump malfunction ,,Tariff Collection: NO,,100,,
1042,643,8176732,MAKUM,MAKUM,DIMORUGURI,RETROFITTING,NON TEA GARDEN,LUNPURIA BENGALI PWSS,SUMU,SRI KESHAB CHUTIA,154,158,TINSUKIA,HANDED_OVER,PARTIALLY_OPERATIVE,Partially Operative,PWD,YES,NO,NO,642567,,,Estimate sent to PWD,Leakage in Distribution Line,Tariff Collection: NO,,100,,
1043,4713,6536142,MAKUM,MAKUM,PANITOLA,RETROFITTING,NON TEA GARDEN,PANITOLA NAGAON PWSS,PRANAMIKA,ANTHONY MORAN,310,284,TINSUKIA,HANDED_OVER,OPERATIVE,Fully Operative,,,,,,,,,,Tariff Collection: NO,,44,,
1044,5383,8227969,MAKUM,MAKUM,DIMORUGURI,RETROFITTING,NON TEA GARDEN,DIMORUGURI PWSS,SUMU,Nortech Power Projects Pvt. Ltd.,225,230,TINSUKIA,HANDED_OVER,NON_OPERATIVE,Non Operative,P&RD - 15 FC,YES,YES,YES,79090,SUBRATA NEOG,Ongoing,,Valve Leakage/Damage:Leakage in Distribution Line,Tariff Collection: YES,PWD,100,,
1045,5349,8230058,MAKUM,MAKUM,DIMORUGURI,RETROFITTING,NON TEA GARDEN,GAHARIPAM PWSS,SUMU,SANJIB BHATTACHARJEE,40,42,TINSUKIA,HANDED_OVER,OPERATIVE,Fully Operative,P&RD - 15 FC,YES,YES,YES,47590,GAUTAM DAS,Completed,,,Tariff Collection: NO,,100,,
1046,5204,8228166,MAKUM,MAKUM,DIMORUGURI,RETROFITTING,NON TEA GARDEN,Lunpuria Koiborta PWSS,SUMU,Nortech Power Projects Pvt. Ltd.,260,262,TINSUKIA,HANDED_OVER,PARTIALLY_OPERATIVE,Partially Operative,P&RD - 15 FC,YES,YES,YES,99798,SUBRATA NEOG,Ongoing,There are multiple nos of leakages in the distribution network due to PVC pipes which are ongoing,Leakage in Distribution Line,Tariff Collection: NO,,83,,
1047,5206,8222274,MAKUM,MAKUM,DIMORUGURI,RETROFITTING,NON TEA GARDEN,OKONIMURIA KACHARI PWSS,SUMU,GAUTAM DAS,106,173,TINSUKIA,HANDED_OVER,OPERATIVE,Fully Operative,,,,,,,,,,Tariff Collection: NO,,100,,
1048,5051,8222314,MAKUM,MAKUM,PANITOLA,RETROFITTING,NON TEA GARDEN,PANITOLA PWSS,PRANAMIKA,BIPUL GOGOI,140,112,TINSUKIA,HANDED_OVER,PARTIALLY_OPERATIVE,Fully Operative,,,,,,,,10-15HH does not get water due to gas pipe line,Pipeline damage (other third parties):Leakage in Distribution Line,Tariff Collection: NO,,79,,
1049,4673,8236842,MAKUM,MAKUM,BORUA HOLLA,RETROFITTING,NON TEA GARDEN,GANDHIA NAHARANI PWSS,PRANAMIKA,NARUTTAM CHANGMAI,120,126,TINSUKIA,ONGOING,NON_OPERATIVE,Non Operative,,,,,,,,,,Tariff Collection: YES,,100,,
1050,4711,8236834,MAKUM,MAKUM,BORUA HOLLA,RETROFITTING,NON TEA GARDEN,PAKABAM PANIMUDI PWSS,PRANAMIKA,Anthony Moran,70,87,TINSUKIA,HANDED_OVER,OPERATIVE,Partially Operative,OTHERS - PL SPECIFY IN REMARKS,,,,,,Ongoing,work ongoing,,Tariff Collection: NO,,60,,
1051,5049,8203798,MAKUM,MAKUM,BORUA HOLLA,RETROFITTING,NON TEA GARDEN,BARUAHOLLA PWSS,PRANAMIKA,TARUN PAUL,112,112,TINSUKIA,HANDED_OVER,OPERATIVE,Partially Operative,P&RD - 15 FC,ON PROCESS,,,,,,,,Tariff Collection: NO,,61,,
1052,1949,8176412,MAKUM,MAKUM,KORDOIGURI,RETROFITTING,NON TEA GARDEN,KORDOIGURI PWSS,SUMU,DEBU KONWAR,158,158,TINSUKIA,HANDED_OVER,OPERATIVE,Non Operative,P&RD - 15 FC,YES,YES,YES,99770,SIMANTA BARUAH,Ongoing,The scheme was marked functional after the completion of Repairing works but due to a minor issue it is non functioinal at present which will be resolved in 2 days,,Tariff Collection: NO,,75,,
1053,5351,8229287,MAKUM,MAKUM,KORDOIGURI,RETROFITTING,NON TEA GARDEN,HATIHAL PWSS,SUMU,PANKAJ DAS,73,55,TINSUKIA,HANDED_OVER,PARTIALLY_OPERATIVE,Partially Operative,P&RD - 15 FC,NO,NO,NO,,,,,Submersible Pump Malfunction:Electrical fault in panel board:Valve Leakage/Damage,Tariff Collection: NO,,80,,
28,17800,30127345,MARGHERITA,MARGHERITA,PURONI PUKHURI,NEW,NON TEA GARDEN,CHASAJAN CHUCK PWSS,ANUPAM,M/S Haji Enterprises,353,166,DIGBOI,ONGOING,OPERATIVE,Non Operative,,,,,,,,,,Tariff Collection: NO,,100,,
35,17805,30191752,MARGHERITA,MARGHERITA,PURONI PUKHURI,NEW,NON TEA GARDEN,KANA PATHAR NO.3 PWSS,ANUPAM,M/S. SHIV SHAKTI CONSTRUCTION,160,59,DIGBOI,ONGOING,OPERATIVE,Non Operative,,,,,,,,,,Tariff Collection: YES,,100,,
36,17808,30191778,MARGHERITA,MARGHERITA,PURONI PUKHURI,NEW,NON TEA GARDEN,KANA PATHAR SCHOOL CHUK PWSS,ANUPAM,M/S. SHIV SHAKTI CONSTRUCTION,101,84,DIGBOI,ONGOING,OPERATIVE,Non Operative,,,,,,,,,,Tariff Collection: YES,Estimate Under Prepration in Division and will be sent to P&RD,100,,
37,12138,30212980,MARGHERITA,MARGHERITA,PURONI PUKHURI,NEW,NON TEA GARDEN,KANAPATHER NO 1 PWSS,ANUPAM,M/S Electro Mechnico Projects (P) Ltd,166,166,DIGBOI,HANDED_OVER,OPERATIVE,Fully Operative,P&RD - 15 FC,YES,YES,YES,96234,Jayanta Sonowal ,Ongoing,,,Tariff Collection: NO,,100,,
38,17811,30212991,MARGHERITA,MARGHERITA,PURONI PUKHURI,NEW,NON TEA GARDEN,KANAPATHER NO 2 PWSS,ANUPAM,SRI KAUSHAL SHARMA,336,239,DIGBOI,ONGOING,OPERATIVE,Non Operative,,,,,,,,,,Tariff Collection: NO,,100,,
39,17817,30192240,MARGHERITA,MARGHERITA,PURONI PUKHURI,NEW,NON TEA GARDEN,KATHALGURI PWSS,ANUPAM,M/S. SHIV SHAKTI CONSTRUCTION,114,0,DIGBOI,ONGOING,NON_OPERATIVE,Non Operative,,,,,,,,,,Tariff Collection: NO,WUC / Jal Mitra,100,,
40,17826,30192917,MARGHERITA,MARGHERITA,PURONI PUKHURI,NEW,NON TEA GARDEN,KORIAJAN N.C PWSS,ANUPAM,M/S. SHIV SHAKTI CONSTRUCTION,112,31,DIGBOI,ONGOING,NON_OPERATIVE,Non Operative,,,,,,,,,,Tariff Collection: NO,,100,,
41,17832,30213082,MARGHERITA,MARGHERITA,PURONI PUKHURI,NEW,NON TEA GARDEN,KORIAJAN PWSS,ANUPAM,M/S Electro Mechnico Projects (P) Ltd,256,243,DIGBOI,HANDED_OVER,OPERATIVE,Non Operative,P&RD - 15 FC,YES,YES,YES,99603,Jayanta Sonowal ,Ongoing,,,Tariff Collection: NO,,100,,
44,12142,30215782,MARGHERITA,MARGHERITA,PURONI PUKHURI,NEW,NON TEA GARDEN,MAHONG GAON ALUBARI PWSS,ANUPAM,SRI KAUSHAL SHARMA,423,337,DIGBOI,ONGOING,OPERATIVE,Non Operative,,,,,,,,,,Tariff Collection: NO,Estimated Submitted to P&RD - Work Not Started,100,,
45,17840,30201930,MARGHERITA,MARGHERITA,PURONI PUKHURI,NEW,NON TEA GARDEN,MIHALI RITU NO.1 PWSS,ANUPAM,M/S. SHIV SHAKTI CONSTRUCTION,224,185,DIGBOI,ONGOING,PARTIALLY_OPERATIVE,Non Operative,,,,,,,,,,Tariff Collection: NO,,0,,
47,12141,30215870,MARGHERITA,MARGHERITA,PURONI PUKHURI,NEW,NON TEA GARDEN,MOHONG GAON NO 1 PWSS,ANUPAM,SRI JAYANTA KHAUND,286,209,DIGBOI,ONGOING,PARTIALLY_OPERATIVE,Non Operative,,,,,,,,,,Tariff Collection: NO,,100,,
52,17850,30127342,MARGHERITA,MARGHERITA,PURONI PUKHURI,NEW,NON TEA GARDEN,NAMONI CHUCK PWSS,ANUPAM,M/S Haji Enterprises,227,117,DIGBOI,ONGOING,OPERATIVE,Fully Operative,,,,,,,,,,Tariff Collection: NO,Estimates Already send under SOPD to HQ,100,YES,1961900
55,17854,30216222,MARGHERITA,MARGHERITA,PURONI PUKHURI,NEW,NON TEA GARDEN,NAYA KUJU NO 1 PWSS,ANUPAM,M/S. SHIV SHAKTI CONSTRUCTION,272,29,DIGBOI,ONGOING,NON_OPERATIVE,Non Operative,,,,,,,,,,Tariff Collection: NO,PWD,100,,
56,17855,30200926,MARGHERITA,MARGHERITA,PURONI PUKHURI,NEW,NON TEA GARDEN,NAYA KUJU NO.2 PWSS,ANUPAM,M/S. SHIV SHAKTI CONSTRUCTION,104,27,DIGBOI,ONGOING,NON_OPERATIVE,Non Operative,,,,,,,,,,Tariff Collection: NO,,100,,
57,17859,30216236,MARGHERITA,MARGHERITA,PURONI PUKHURI,NEW,NON TEA GARDEN,NAYA KUJU NO.3 PWSS,ANUPAM,M/S. SHIV SHAKTI CONSTRUCTION,142,0,DIGBOI,ONGOING,NON_OPERATIVE,Non Operative,,,,,,,,,,Tariff Collection: NO,,100,,
58,17862,30200970,MARGHERITA,MARGHERITA,PURONI PUKHURI,NEW,NON TEA GARDEN,NAYA KUJU NO.4 PWSS,ANUPAM,M/S. SHIV SHAKTI CONSTRUCTION,134,22,DIGBOI,ONGOING,NON_OPERATIVE,Non Operative,,,,,,,,,,Tariff Collection: NO,,49,,
59,17864,30196464,MARGHERITA,MARGHERITA,PURONI PUKHURI,NEW,NON TEA GARDEN,PATHER CHUCK(EAST) PWSS,ANUPAM,M/S. SHIV SHAKTI CONSTRUCTION,175,0,DIGBOI,ONGOING,NON_OPERATIVE,Non Operative,,,,,,,,,,Tariff Collection: NO,,100,,
61,17867,30199880,MARGHERITA,MARGHERITA,PURONI PUKHURI,NEW,NON TEA GARDEN,RITU KATHAL GURI NO.1 PWSS,ANUPAM,MITHUN KUMAR,283,132,DIGBOI,ONGOING,OPERATIVE,Non Operative,,,,,,,,,,Tariff Collection: NO,Estimated Submitted to P&RD - Work Ongoing,100,,
62,17868,30199924,MARGHERITA,MARGHERITA,PURONI PUKHURI,NEW,NON TEA GARDEN,RITU KATHAL GURI NO.2 PWSS,ANUPAM,MITHUN KUMAR,123,39,DIGBOI,ONGOING,OPERATIVE,Non Operative,,,,,,,,,,Tariff Collection: NO,,100,,
63,17870,30199953,MARGHERITA,MARGHERITA,PURONI PUKHURI,NEW,NON TEA GARDEN,RITUBAN GAON PWSS,ANUPAM,MITHUN KUMAR,122,73,DIGBOI,ONGOING,OPERATIVE,Non Operative,,,,,,,,,,Tariff Collection: NO,,53,,
70,17872,30183860,MARGHERITA,MARGHERITA,PURONI PUKHURI,NEW,NON TEA GARDEN,TARIBARI PWSS,ANUPAM,MITHUN KUMAR,218,0,DIGBOI,ONGOING,NON_OPERATIVE,Non Operative,,,,,,,,,,Tariff Collection: NO,Estimate Under Prepration in Division and will be sent to P&RD,100,,
75,17570,30185320,MARGHERITA,MARGHERITA,PURONI PUKHURI,NEW,NON TEA GARDEN,URANG CHUK PWSS,ANUPAM,MITHUN KUMAR,63,0,DIGBOI,ONGOING,NON_OPERATIVE,Non Operative,,,,,,,,,,Tariff Collection: NO,,100,,
268,12161,30212754,MARGHERITA,MARGHERITA,BORGULAI,NEW,NON TEA GARDEN,ASSAMIYA CHUK PWSS,PUJA,Sulekha Devi,343,112,DIGBOI,ONGOING,PARTIALLY_OPERATIVE,,,,,,,,,,,Tariff Collection: NO,,100,,
270,17568,30216402,MARGHERITA,MARGHERITA,SAMUKJAN,NEW,NON TEA GARDEN,BAH BARI PWSS,RUKSANA,m/s BARUAH ENTERPRISE,135,82,DIGBOI,ONGOING,OPERATIVE,Fully Operative,,,,,,,,,,Tariff Collection: NO,PWD,100,,
273,17569,30183387,MARGHERITA,MARGHERITA,SAMUKJAN,NEW,NON TEA GARDEN,BENGALI MILL PWSS,RUKSANA,Babar Ali Khan,102,93,DIGBOI,ONGOING,NON_OPERATIVE,Non Operative,,,,,,,,,,Tariff Collection: NO,,100,,
279,22493,30218082,MARGHERITA,MARGHERITA,BORGULAI,NEW,NON TEA GARDEN,BORGULAI MVS PWSS,PUJA,Trade India Construction Pvt Ltd,790,721,DIGBOI,ONGOING,PARTIALLY_OPERATIVE,,,,,,,,,,,Tariff Collection: NO,,100,,
290,17564,30200326,MARGHERITA,MARGHERITA,SAMUKJAN,NEW,NON TEA GARDEN,LEDU BENGALI GAON PWSS,RUKSANA,M/s. GAURAV ELECTRICALS,81,63,DIGBOI,ONGOING,,Non Operative,,,,,,,,,,Tariff Collection: NO,,100,,
291,12811,30215758,MARGHERITA,MARGHERITA,SAMUKJAN,NEW,NON TEA GARDEN,LEDU GAON PWSS,RUKSANA,Sulekha Devi,222,160,DIGBOI,ONGOING,NON_OPERATIVE,Non Operative,,,,,,,,,,Tariff Collection: NO,,100,,
292,12737,30213061,MARGHERITA,MARGHERITA,LEDU,NEW,NON TEA GARDEN,LEDU KALPARA PWSS,RUKSANA,HAREN MAHANTA,316,277,DIGBOI,ONGOING,NON_OPERATIVE,Non Operative,,,,,,,,,,Tariff Collection: YES,,100,,
293,17565,30200364,MARGHERITA,MARGHERITA,SAMUKJAN,NEW,NON TEA GARDEN,LEDU TITOK NC PWSS,RUKSANA,M/s. GAURAV ELECTRICALS,388,351,DIGBOI,ONGOING,NON_OPERATIVE,Non Operative,,,,,,,,,,Tariff Collection: NO,,28,,
294,17576,30204737,MARGHERITA,MARGHERITA,LEDU,NEW,NON TEA GARDEN,LEDU TOWN PWSS,RUKSANA,SANJIB DAS,399,0,DIGBOI,ONGOING,NON_OPERATIVE,Non Operative,,,,,,,,,,Tariff Collection: NO,Estimates Already send under SOPD to HQ,100,,
295,12814,30215768,MARGHERITA,MARGHERITA,SAMUKJAN,NEW,NON TEA GARDEN,LIDO TIKOK (CT) PWSS,RUKSANA,Sulekha Devi,249,148,DIGBOI,ONGOING,NON_OPERATIVE,Non Operative,,,,,,,,,,Tariff Collection: NO,,50,,
297,17574,30201907,MARGHERITA,MARGHERITA,LEDU,NEW,NON TEA GARDEN,MATI KHAT BASTI PWSS,RUKSANA,M/s. GAURAV ELECTRICALS,340,200,DIGBOI,ONGOING,NON_OPERATIVE,Non Operative,,,,,,,,,,Tariff Collection: NO,,100,,
298,12816,30073326,MARGHERITA,MARGHERITA,SAMUKJAN,NEW,NON TEA GARDEN,MULONG BENGALI GAON NO 1 PWSS,RUKSANA,Sulekha Devi,243,235,DIGBOI,ONGOING,NON_OPERATIVE,Non Operative,,,,,,,,,,Tariff Collection: NO,,52,,
299,17567,30202592,MARGHERITA,MARGHERITA,SAMUKJAN,NEW,NON TEA GARDEN,MULONG BENGALI GAON NO 2 PWSS,RUKSANA,SANJIB DAS,170,112,DIGBOI,ONGOING,NON_OPERATIVE,Non Operative,,,,,,,,,,Tariff Collection: NO,,96,,
300,15483,30068612,MARGHERITA,MARGHERITA,BORGULAI,NEW,NON TEA GARDEN,NAMDANG BAHBARI PWSS,PUJA,Kalyan Chetia,186,98,DIGBOI,HANDED_OVER,NON_OPERATIVE,Non Operative,P&RD - 15 FC,ON PROCESS,NO,NO,,,,,Submersible Pump Malfunction,Tariff Collection: NO,Estimates Already send under SOPD to HQ,100,YES,697845
308,17575,30185449,MARGHERITA,MARGHERITA,LEDU,NEW,NON TEA GARDEN,ZORNA BASTI PWSS,RUKSANA,Sri Jitu Hazarika,206,122,DIGBOI,ONGOING,NON_OPERATIVE,Non Operative,,,,,,,,,,Tariff Collection: NO,,64,,
536,12341,30081985,MARGHERITA,MARGHERITA,KUMARPATTY,NEW,TEA GARDEN SCHEME,112/109/MAKUM ASSAM-LABOUR LINE PWSS,PRANTOR,Sulekha Devi,371,399,DIGBOI,ONGOING,NON_OPERATIVE,Non Operative,,,,,,,,,,Tariff Collection: NO,,55,,
537,17510,30074570,MARGHERITA,MARGHERITA,KUMARPATTY,NEW,TEA GARDEN SCHEME,112/109/NLA GRANT 2M PWSS,PRANTOR,m/s BARUAH ENTERPRISE,176,184,DIGBOI,HANDED_OVER,NON_OPERATIVE,Non Operative,SOPD,ON PROCESS,NO,NO,5499405,,Not Started,,Deep Tube Well (DTW) Source Dried Up,Tariff Collection: NO,,90,,
539,17523,30015533,MARGHERITA,MARGHERITA,MAKUM PATHAR,NEW,TEA GARDEN SCHEME,20.NO. LINE PWSS,PRANTOR,M/S Pragati Enterprise,229,190,DIGBOI,HANDED_OVER,OPERATIVE,Partially Operative,,,,,,,,,,Tariff Collection: NO,,87,,
540,12775,30215752,MARGHERITA,MARGHERITA,MAKUM PATHAR,NEW,NON TEA GARDEN,AGBANDHA PWSS,PRANTOR,HAREN MAHANTA,271,173,DIGBOI,ONGOING,PARTIALLY_OPERATIVE,Non Operative,,,,,,,,,,Tariff Collection: NO,,79,,
541,17588,30181680,MARGHERITA,MARGHERITA,KETETONG,NEW,NON TEA GARDEN,ALU BARI GAON NO 3-RATH GAON (DUBA) PWSS,PRANTOR,M/S Pragati Enterprise,129,83,DIGBOI,ONGOING,OPERATIVE,Fully Operative,,,,,,,,,,Tariff Collection: NO,,65,,
542,12339,30012512,MARGHERITA,MARGHERITA,KETETONG,NEW,NON TEA GARDEN,ALUBARI NO 2 PWSS,PRANTOR,HAREN MAHANTA,269,233,DIGBOI,HANDED_OVER,PARTIALLY_OPERATIVE,Partially Operative,SOPD,YES,NO,NO,372758,,Not Started,,Leakage in Distribution Line,Tariff Collection: NO,,75,,
544,17540,30018534,MARGHERITA,MARGHERITA,KUMARPATTY,NEW,TEA GARDEN SCHEME,BALIJAN LINE PWSS,PRANTOR,PAWAN COMMUNICATION,163,128,DIGBOI,ONGOING,PARTIALLY_OPERATIVE,Non Operative,,,,,,,,,,Tariff Collection: NO,,56,,
545,17513,30083221,MARGHERITA,MARGHERITA,KUMARPATTY,NEW,TEA GARDEN SCHEME,BASTI LINE PWSS,PRANTOR,M/S NIRMAN,298,250,DIGBOI,ONGOING,NON_OPERATIVE,Non Operative,,,,,,,,,,Tariff Collection: NO,,62,,
547,17545,30016120,MARGHERITA,MARGHERITA,KUMARPATTY,NEW,TEA GARDEN SCHEME,CHURCH LINE PWSS,PRANTOR,Manirul Haque Ansari,224,216,DIGBOI,ONGOING,NON_OPERATIVE,Non Operative,,,,,,,,,,Tariff Collection: NO,,100,,
548,17591,30191262,MARGHERITA,MARGHERITA,KETETONG,NEW,NON TEA GARDEN,DIBONG BARI PWSS,PRANTOR,M/S Pragati Enterprise,107,71,DIGBOI,ONGOING,PARTIALLY_OPERATIVE,Non Operative,,,,,,,,,,Tariff Collection: NO,,29,,
549,17590,30205636,MARGHERITA,MARGHERITA,KETETONG,NEW,NON TEA GARDEN,DIBONG FAKIAL PWSS,PRANTOR,Sri Jitu Hazarika,139,142,DIGBOI,ONGOING,PARTIALLY_OPERATIVE,Non Operative,,,,,,,,,,Tariff Collection: NO,,100,,
553,12344,30013715,MARGHERITA,MARGHERITA,KUMARPATTY,NEW,TEA GARDEN SCHEME,DIGBOI LINE PWSS,PRANTOR,M/S T.R. INFRA DEVELOPERS (Prop.- RIJU TALUKDAR),315,118,DIGBOI,ONGOING,NON_OPERATIVE,Non Operative,,,,,,,,,,Tariff Collection: NO,,100,,
554,12776,30024959,MARGHERITA,MARGHERITA,MAKUM PATHAR,NEW,TEA GARDEN SCHEME,DIHING BAZAR PWSS,PRANTOR,Sulekha Devi,201,212,DIGBOI,HANDED_OVER,OPERATIVE,Fully Operative,,,,,,,,,,Tariff Collection: NO,,25,,
555,17525,30013680,MARGHERITA,MARGHERITA,MAKUM PATHAR,NEW,TEA GARDEN SCHEME,"DIHING T.E, PWSS",PRANTOR,M/S Pragati Enterprise,567,494,DIGBOI,HANDED_OVER,OPERATIVE,Partially Operative,,,,,,,,,,Tariff Collection: NO,,47,,
556,12794,30024795,MARGHERITA,MARGHERITA,MAKUM PATHAR,NEW,NON TEA GARDEN,DIPULINE PWSS,PRANTOR,Sulekha Devi,223,90,DIGBOI,ONGOING,PARTIALLY_OPERATIVE,Non Operative,,,,,,,,,,Tariff Collection: NO,,100,,
557,14839,30166627,MARGHERITA,MARGHERITA,BHITOR PAWOI,NEW,NON TEA GARDEN,DIRAK NO.1 PWSS,JURI,Tapan Kr. Hazarika,429,382,DIGBOI,ONGOING,NON_OPERATIVE,Non Operative,,,,,,,,,,Tariff Collection: NO,,100,,
558,17247,30191700,MARGHERITA,MARGHERITA,ENTHEM,NEW,NON TEA GARDEN,ENTHEM GAON PWSS,JURI,SANTALAL AND BROTHERS,112,65,DIGBOI,HANDED_OVER,OPERATIVE,Fully Operative,,,,,,,,,,Tariff Collection: NO,,100,,
559,17190,30217132,MARGHERITA,MARGHERITA,ENTHEM,NEW,NON TEA GARDEN,ENTHEM NAGA PATHAR PWSS,JURI,SANTALAL AND BROTHERS,151,99,DIGBOI,ONGOING,NON_OPERATIVE,Non Operative,,,,,,,,,,Tariff Collection: NO,,100,,
560,12340,30017044,MARGHERITA,MARGHERITA,KUMARPATTY,NEW,TEA GARDEN SCHEME,FALTU LINE PWSS,JURI,M/S T.R. INFRA DEVELOPERS (Prop.- RIJU TALUKDAR),291,214,DIGBOI,HANDED_OVER,OPERATIVE,Fully Operative,,,,,,,,,,Tariff Collection: NO,,52,,
561,17323,30193218,MARGHERITA,MARGHERITA,ENTHEM,NEW,NON TEA GARDEN,HAHCHARA PATHAR-MAICHANG PATHAR PWSS,JURI,M/S INFRA SPREAD SERVICE,284,173,DIGBOI,HANDED_OVER,OPERATIVE,Partially Operative,P&RD - 15 FC,ON PROCESS,,,,,,,,Tariff Collection: NO,,37,,
562,17620,30205859,MARGHERITA,MARGHERITA,KETETONG,NEW,NON TEA GARDEN,HAJONG BASTI PWSS,PRANTOR,Jai Shankar Prasad,178,172,DIGBOI,ONGOING,PARTIALLY_OPERATIVE,Non Operative,,,,,,,,,,Tariff Collection: YES,,100,,
563,14842,30196317,MARGHERITA,MARGHERITA,BHITOR PAWOI,NEW,NON TEA GARDEN,JONGLO KURUKA PWSS,JURI,GUPTA HARDWARE PVT. LTD.,119,79,DIGBOI,ONGOING,OPERATIVE,Non Operative,,,,,,,,,,Tariff Collection: NO,,71,,
564,17506,30016489,MARGHERITA,MARGHERITA,KUMARPATTY,NEW,TEA GARDEN SCHEME,JUMBARI LAND PWSS,PRANTOR,M/S Upper Assam Associates,444,288,DIGBOI,HANDED_OVER,OPERATIVE,Fully Operative,,,,,,,,,,Tariff Collection: NO,,51,,
565,14844,30212150,MARGHERITA,MARGHERITA,BHITOR PAWOI,NEW,NON TEA GARDEN,KHAGORI PATHER PWSS,JURI,Jai Shankar Prasad,147,40,DIGBOI,ONGOING,PARTIALLY_OPERATIVE,Non Operative,,,,,,,,,,Tariff Collection: NO,,100,,
566,17592,30127350,MARGHERITA,MARGHERITA,KETETONG,NEW,NON TEA GARDEN,KHAMON PATHAR PWSS,PRANTOR,M/S Haji Enterprises,271,159,DIGBOI,ONGOING,PARTIALLY_OPERATIVE,Non Operative,,,,,,,,,,Tariff Collection: NO,,100,,
567,12169,30019593,MARGHERITA,MARGHERITA,ENTHEM,NEW,TEA GARDEN SCHEME,KHATANG PANI T.E GRANT PWSS,JURI,M/S T.R. INFRA DEVELOPERS (Prop.- RIJU TALUKDAR),403,190,DIGBOI,HANDED_OVER,OPERATIVE,Partially Operative,P&RD - 15 FC,ON PROCESS,,,,,,,,Tariff Collection: NO,,44,,
568,15438,30192461,MARGHERITA,MARGHERITA,BHITOR PAWOI,NEW,NON TEA GARDEN,KHERIABASTI PWSS,JURI,GUPTA HARDWARE PVT. LTD.,64,53,DIGBOI,HANDED_OVER,OPERATIVE,Non Operative,P&RD - 15 FC,ON PROCESS,,,,,,,,Tariff Collection: NO,,100,,
569,15446,30193876,MARGHERITA,MARGHERITA,BHITOR PAWOI,NEW,NON TEA GARDEN,LAMABASTI TANKESHWAR BARUAH GRANT PWSS,JURI,GUPTA HARDWARE PVT. LTD.,109,93,DIGBOI,ONGOING,PARTIALLY_OPERATIVE,Non Operative,,,,,,,,,,Tariff Collection: NO,,61,,
570,17534,30201792,MARGHERITA,MARGHERITA,KUMARPATTY,NEW,TEA GARDEN SCHEME,MAKUM ASSAM TEA CO.DARKHAST-2 PWSS,PRANTOR,M/S NABAB ENTERPRISE PROP.-NAKIBUZ ZAMAN AHMED,225,223,DIGBOI,HANDED_OVER,OPERATIVE,Fully Operative,,,,,,,,,,Tariff Collection: NO,,36,,
571,14851,30201805,MARGHERITA,MARGHERITA,BHITOR PAWOI,NEW,NON TEA GARDEN,MAKUM BLOCK NO 1 PWSS,JURI,GUPTA HARDWARE PVT. LTD.,101,96,DIGBOI,ONGOING,PARTIALLY_OPERATIVE,Non Operative,,,,,,,,,,Tariff Collection: NO,,100,,
572,14874,30201812,MARGHERITA,MARGHERITA,BHITOR PAWOI,NEW,NON TEA GARDEN,MAKUM BLOCK NO 3 PWSS,JURI,GUPTA HARDWARE PVT. LTD.,205,173,DIGBOI,ONGOING,PARTIALLY_OPERATIVE,Non Operative,,,,,,,,,,Tariff Collection: NO,,90,,
573,15473,30023661,MARGHERITA,MARGHERITA,MAKUM PATHAR,NEW,NON TEA GARDEN,MAKUM PATHAR NO.3 PWSS,PRANTOR,M/S T.R. INFRA DEVELOPERS (Prop.- RIJU TALUKDAR),312,294,DIGBOI,HANDED_OVER,PARTIALLY_OPERATIVE,Partially Operative,P&RD - 15 FC,YES,NO,YES,90100,,Not Started,,Pipeline Damage due to PWD road construction or Augmentation,Tariff Collection: NO,,99,,
574,17529,30216906,MARGHERITA,MARGHERITA,MAKUM PATHAR,NEW,NON TEA GARDEN,MALAKAR PARA PWSS,PRANTOR,M/S GRAVELL,75,56,DIGBOI,ONGOING,PARTIALLY_OPERATIVE,Non Operative,,,,,,,,,,Tariff Collection: NO,,100,,
575,12170,30022942,MARGHERITA,MARGHERITA,ENTHEM,NEW,NON TEA GARDEN,MANMAW PATHAR PWSS,JURI,HAREN MAHANTA,281,191,DIGBOI,ONGOING,PARTIALLY_OPERATIVE,Non Operative,,,,,,,,,,Tariff Collection: NO,,86,,
576,17595,30201881,MARGHERITA,MARGHERITA,KETETONG,NEW,NON TEA GARDEN,MANMOW KUHIAR BARI PWSS,PRANTOR,M/s. GAURAV ELECTRICALS,120,161,DIGBOI,HANDED_OVER,OPERATIVE,Partially Operative,PHE Contractor - Under DLP,,,,,,,,,Tariff Collection: NO,,88,,
577,17520,30201897,MARGHERITA,MARGHERITA,MAKUM PATHAR,NEW,NON TEA GARDEN,MASE GAON PWSS,PRANTOR,M/S GRAVELL,211,106,DIGBOI,ONGOING,PARTIALLY_OPERATIVE,Non Operative,,,,,,,,,,Tariff Collection: NO,,69,,
578,14849,30216923,MARGHERITA,MARGHERITA,BHITOR PAWOI,NEW,NON TEA GARDEN,MIRICA MAJULI PWSS,JURI,GUPTA HARDWARE PVT. LTD.,128,74,DIGBOI,ONGOING,PARTIALLY_OPERATIVE,Non Operative,,,,,,,,,,Tariff Collection: YES,,100,,
579,17413,30202580,MARGHERITA,MARGHERITA,ENTHEM,NEW,NON TEA GARDEN,MUGONG RITU PATHER PWSS,JURI,SANTALAL AND BROTHERS,136,145,DIGBOI,ONGOING,NON_OPERATIVE,Non Operative,,,,,,,,,,Tariff Collection: NO,,100,,
580,12171,30067488,MARGHERITA,MARGHERITA,ENTHEM,NEW,NON TEA GARDEN,MULONG GAON NO 1 PWSS,JURI,M/S T.R. INFRA DEVELOPERS (Prop.- RIJU TALUKDAR),403,130,DIGBOI,HANDED_OVER,OPERATIVE,Partially Operative,P&RD - 15 FC,ON PROCESS,,,,,,,,Tariff Collection: NO,,100,,
581,17332,30202688,MARGHERITA,MARGHERITA,ENTHEM,NEW,NON TEA GARDEN,NAGA PATHER NC PWSS,JURI,SANTALAL AND BROTHERS,96,136,DIGBOI,HANDED_OVER,OPERATIVE,Fully Operative,,,,,,,,,,Tariff Collection: NO,,76,,
583,17596,30202711,MARGHERITA,MARGHERITA,KETETONG,NEW,NON TEA GARDEN,NAKONG PATHAR NO.1&NO 2 PWSS,PRANTOR,SANJIB DAS,147,184,DIGBOI,ONGOING,PARTIALLY_OPERATIVE,Non Operative,,,,,,,,,,Tariff Collection: NO,,100,,
584,17772,30223157,MARGHERITA,MARGHERITA,KUMARPATTY,NEW,TEA GARDEN SCHEME,NAMDANG LABOUR BASTI PWSS,PRANTOR,M/S INFRA SPREAD SERVICE,180,193,DIGBOI,ONGOING,,Non Operative,,,,,,,,,,Tariff Collection: NO,,90,,
585,17544,30203576,MARGHERITA,MARGHERITA,KUMARPATTY,NEW,TEA GARDEN SCHEME,NAMDANG T.E CO KUBULA PWSS,PRANTOR,Braja Nath Gogoi,361,347,DIGBOI,ONGOING,NON_OPERATIVE,Non Operative,,,,,,,,,,Tariff Collection: NO,,58,,
586,12342,30067303,MARGHERITA,MARGHERITA,KUMARPATTY,NEW,TEA GARDEN SCHEME,NAMDANG T.E CO NLR NO PWSS,PRANTOR,M/S T.R. INFRA DEVELOPERS (Prop.- RIJU TALUKDAR),301,126,DIGBOI,ONGOING,NON_OPERATIVE,Non Operative,,,,,,,,,,Tariff Collection: NO,,64,,
587,12343,30203586,MARGHERITA,MARGHERITA,KUMARPATTY,NEW,TEA GARDEN SCHEME,NAMDANG TEA CO.NLR GRANT (A) NO.277-FALTO LANE PWSS,PRANTOR,Sulekha Devi,142,75,DIGBOI,ONGOING,NON_OPERATIVE,Non Operative,,,,,,,,,,Tariff Collection: NO,,90,,
588,17505,30203657,MARGHERITA,MARGHERITA,KUMARPATTY,NEW,TEA GARDEN SCHEME,NICHEE LAND PWSS,PRANTOR,M/S Pragati Enterprise,184,140,DIGBOI,ONGOING,NON_OPERATIVE,Non Operative,,,,,,,,,,Tariff Collection: NO,,77,,
589,15599,30205033,MARGHERITA,MARGHERITA,KUMARPATTY,NEW,TEA GARDEN SCHEME,NLR T.E NLR GR PWSS ( KUMARPATTY LABOUR LINE ),PRANTOR,PRABHASH KUMAR SINGH,259,0,DIGBOI,ONGOING,NON_OPERATIVE,Non Operative,,,,,,,,,,Tariff Collection: NO,,51,,
590,17597,30216981,MARGHERITA,MARGHERITA,KETETONG,NEW,NON TEA GARDEN,PANGNA GAON PWSS,PRANTOR,SANJIB DAS,171,107,DIGBOI,ONGOING,PARTIALLY_OPERATIVE,Non Operative,,,,,,,,,,Tariff Collection: NO,,91,,
591,17410,30196444,MARGHERITA,MARGHERITA,ENTHEM,NEW,NON TEA GARDEN,PANI GAON PWSS,JURI,SANTALAL AND BROTHERS,67,127,DIGBOI,ONGOING,NON_OPERATIVE,Non Operative,,,,,,,,,,Tariff Collection: NO,,49,,
596,17598,30196610,MARGHERITA,MARGHERITA,KETETONG,NEW,NON TEA GARDEN,PITHA GUTIBARI GAON PWSS,PRANTOR,SANJIB DAS,103,120,DIGBOI,ONGOING,PARTIALLY_OPERATIVE,Non Operative,,,,,,,,,,Tariff Collection: NO,,83,,
600,15429,30196682,MARGHERITA,MARGHERITA,BHITOR PAWOI,NEW,NON TEA GARDEN,POWAI MUKH NO 2 PWSS,JURI,GUPTA HARDWARE PVT. LTD.,341,220,DIGBOI,ONGOING,PARTIALLY_OPERATIVE,Non Operative,,,,,,,,,,Tariff Collection: NO,,100,,
602,15449,30196712,MARGHERITA,MARGHERITA,BHITOR PAWOI,NEW,NON TEA GARDEN,PROJABASTI PWSS,JURI,GUPTA HARDWARE PVT. LTD.,203,186,DIGBOI,ONGOING,PARTIALLY_OPERATIVE,Non Operative,,,,,,,,,,Tariff Collection: YES,,100,,
604,17417,30217220,MARGHERITA,MARGHERITA,ENTHEM,NEW,NON TEA GARDEN,TEKERI BLOCK NO.2 PWSS,JURI,SANTALAL AND BROTHERS,218,100,DIGBOI,ONGOING,NON_OPERATIVE,Non Operative,,,,,,,,,,Tariff Collection: NO,,21,,
605,17433,30217236,MARGHERITA,MARGHERITA,ENTHEM,NEW,NON TEA GARDEN,TEKERI BLOCK PWSS,JURI,SANTALAL AND BROTHERS,154,68,DIGBOI,ONGOING,NON_OPERATIVE,Non Operative,,,,,,,,,,Tariff Collection: NO,,49,,
606,12172,30066411,MARGHERITA,MARGHERITA,ENTHEM,NEW,NON TEA GARDEN,TEKERI GAON BLOCK NO.1 PWSS,JURI,M/S T.R. INFRA DEVELOPERS (Prop.- RIJU TALUKDAR),363,121,DIGBOI,HANDED_OVER,PARTIALLY_OPERATIVE,Partially Operative,PWD,YES,NO,NO,913792,,,,Pipeline Damage due to PWD road construction or Augmentation,Tariff Collection: NO,PWD,100,,
607,17429,30184919,MARGHERITA,MARGHERITA,ENTHEM,NEW,NON TEA GARDEN,TOKOPATHER BLOCK PWSS,JURI,SANTALAL AND BROTHERS,427,119,DIGBOI,ONGOING,NON_OPERATIVE,Non Operative,,,,,,,,,,Tariff Collection: NO,Estimated Submitted to P&RD - Work Ongoing,100,,
608,17421,30184958,MARGHERITA,MARGHERITA,ENTHEM,NEW,NON TEA GARDEN,TOKOW PATHER NO.1 PWSS,JURI,SANTALAL AND BROTHERS,390,354,DIGBOI,ONGOING,NON_OPERATIVE,Non Operative,,,,,,,,,,Tariff Collection: NO,,23,,
609,17599,30185157,MARGHERITA,MARGHERITA,KETETONG,NEW,NON TEA GARDEN,UBON GAON PWSS,PRANTOR,SANJIB DAS,151,91,DIGBOI,ONGOING,NON_OPERATIVE,Non Operative,,,,,,,,,,Tariff Collection: NO,,100,,
610,17343,30185257,MARGHERITA,MARGHERITA,ENTHEM,NEW,NON TEA GARDEN,ULUP PATHER PWSS,JURI,SANTALAL AND BROTHERS,213,320,DIGBOI,HANDED_OVER,OPERATIVE,Fully Operative,,,,,,,,,,Tariff Collection: NO,,20,,
611,15452,30185345,MARGHERITA,MARGHERITA,BHITOR PAWOI,NEW,NON TEA GARDEN,VITOR POWAI NO 2 PWSS,JURI,GUPTA HARDWARE PVT. LTD.,217,271,DIGBOI,ONGOING,NON_OPERATIVE,Non Operative,,,,,,,,,,Tariff Collection: NO,,45,,
773,22477,30218423,MARGHERITA,MARGHERITA,KUMSAI,NEW,NON TEA GARDEN,1 NO TINIHUTI TOL GHAT BUDHOMONDER PWSS,PRANTOR,M/s. GAURAV ELECTRICALS,133,62,DIGBOI,ONGOING,NON_OPERATIVE,Non Operative,,,,,,,,,,Tariff Collection: NO,,16,,
775,12175,30213016,MARGHERITA,MARGHERITA,JAGUN,NEW,NON TEA GARDEN,AHOM PATHAR N VILLAGE PWSS,PRANTOR,HAREN MAHANTA,265,122,DIGBOI,ONGOING,,Non Operative,,,,,,,,,,Tariff Collection: NO,,88,,
776,17600,30181722,MARGHERITA,MARGHERITA,KUMSAI,NEW,NON TEA GARDEN,AMRIT GAON PWSS,PRANTOR,M/S. SHIV SHAKTI CONSTRUCTION,270,42,DIGBOI,ONGOING,NON_OPERATIVE,Non Operative,,,,,,,,,,Tariff Collection: YES,PWD,100,,
777,17614,30183347,MARGHERITA,MARGHERITA,KUMSAI,NEW,NON TEA GARDEN,BENGALI CHUBURI PWSS,PRANTOR,ADM PURNIA PVT LTD,257,210,DIGBOI,ONGOING,NON_OPERATIVE,Non Operative,,,,,,,,,,Tariff Collection: NO,,89,,
778,17603,30183358,MARGHERITA,MARGHERITA,KUMSAI,NEW,NON TEA GARDEN,BENGALI KAMBA PWSS,PRANTOR,M/S. SHIV SHAKTI CONSTRUCTION,180,47,DIGBOI,ONGOING,NON_OPERATIVE,Non Operative,,,,,,,,,,Tariff Collection: NO,,91,,
779,10897,30183832,MARGHERITA,MARGHERITA,JAGUN,NEW,NON TEA GARDEN,BISHNUPUR NO 1 PWSS,PRANTOR,ARUPJYOTI GOGOI,248,194,DIGBOI,ONGOING,NON_OPERATIVE,Non Operative,,,,,,,,,,Tariff Collection: NO,,58,,
780,12174,30076150,MARGHERITA,MARGHERITA,JAGUN,NEW,NON TEA GARDEN,BISHNUPUR NO.2 PWSS,PRANTOR,M/S T.R. INFRA DEVELOPERS (Prop.- RIJU TALUKDAR),210,122,DIGBOI,ONGOING,NON_OPERATIVE,Non Operative,,,,,,,,,,Tariff Collection: NO,,100,,
790,17549,30190236,MARGHERITA,MARGHERITA,JAGUN,NEW,NON TEA GARDEN,CHANDAPUR PWSS,PRANTOR,M/s. GAURAV ELECTRICALS,92,67,DIGBOI,ONGOING,NON_OPERATIVE,Non Operative,,,,,,,,,,Tariff Collection: NO,,33,,
791,12768,30021823,MARGHERITA,MARGHERITA,LEKHAPANI,NEW,NON TEA GARDEN,CHETIA BASTI PWSS,RUKSANA,HAREN MAHANTA,272,112,DIGBOI,ONGOING,,Non Operative,,,,,,,,,,Tariff Collection: YES,Estimated Submitted to P&RD - Work Ongoing,100,,
792,17577,30205468,MARGHERITA,MARGHERITA,LEDU COLLIERY,NEW,NON TEA GARDEN,CHIPE GAON PWSS,RUKSANA,M/S Emmanuel Construction,203,0,DIGBOI,NOT_STARTED,,Non Operative,,,,,,,,,,Tariff Collection: NO,,100,,
793,17551,30181173,MARGHERITA,MARGHERITA,JAGUN,NEW,NON TEA GARDEN,FANANG NC NO 1 PWSS,PRANTOR,KAILASH KUMAR GUPTA,183,107,DIGBOI,HANDED_OVER,OPERATIVE,Non Operative,P&RD - 15 FC,YES,NO,NO,,,,,,Tariff Collection: NO,Estimated Submitted to P&RD - Work Ongoing,100,,
794,17550,30205821,MARGHERITA,MARGHERITA,JAGUN,NEW,NON TEA GARDEN,FANANG NC PWSS,PRANTOR,Bijoy Shankar Sonowal,217,122,DIGBOI,HANDED_OVER,OPERATIVE,Fully Operative,,,,,,,,,,Tariff Collection: YES,Estimated Submitted to P&RD - Work Ongoing,100,,
795,12337,30213025,MARGHERITA,MARGHERITA,JAGUN,NEW,NON TEA GARDEN,FULBARI GAON PWSS,PRANTOR,HAREN MAHANTA,405,141,DIGBOI,ONGOING,,Non Operative,,,,,,,,,,Tariff Collection: NO,,100,,
796,17615,30192973,MARGHERITA,MARGHERITA,KUMSAI,NEW,NON TEA GARDEN,GHAR FULIA CHUBURI PWSS,PRANTOR,ADM PURNIA PVT LTD,107,58,DIGBOI,ONGOING,NON_OPERATIVE,Non Operative,,,,,,,,,,Tariff Collection: NO,,95,,
797,17604,30217323,MARGHERITA,MARGHERITA,KUMSAI,NEW,NON TEA GARDEN,HASAK GAON PWSS,PRANTOR,ADM PURNIA PVT LTD,153,50,DIGBOI,ONGOING,NON_OPERATIVE,Non Operative,,,,,,,,,,Tariff Collection: YES,,100,,
798,17601,30196045,MARGHERITA,MARGHERITA,KUMSAI,NEW,NON TEA GARDEN,HAWAI PATHAR NO 3 PWSS,PRANTOR,ADM PURNIA PVT LTD,394,298,DIGBOI,ONGOING,,Non Operative,,,,,,,,,,Tariff Collection: NO,,100,,
799,17552,30216670,MARGHERITA,MARGHERITA,JAGUN,NEW,NON TEA GARDEN,JAGUN FOREST VILLAGE PWSS,PRANTOR,SANJIB DAS,126,89,DIGBOI,ONGOING,NON_OPERATIVE,Non Operative,,,,,,,,,,Tariff Collection: NO,,70,,
800,17669,30206006,MARGHERITA,MARGHERITA,JAGUN,NEW,NON TEA GARDEN,JYOTI NAGAR PWSS ( RAMPUR ),PRANTOR,M/s. GAURAV ELECTRICALS,279,209,DIGBOI,ONGOING,,Non Operative,,,,,,,,,,Tariff Collection: NO,,65,,
801,17553,30192142,MARGHERITA,MARGHERITA,JAGUN,NEW,NON TEA GARDEN,KATHA ADARSHA NC PWSS,PRANTOR,Pranjal Neog,180,135,DIGBOI,HANDED_OVER,NON_OPERATIVE,Non Operative,SOPD,YES,NO,NO,732982,,Not Started,,Pipeline Damage due to PWD road construction or Augmentation,Tariff Collection: NO,,90,,
802,17554,30192211,MARGHERITA,MARGHERITA,JAGUN,NEW,NON TEA GARDEN,KATHA RANI NAGAR PWSS,PRANTOR,M/s. GAURAV ELECTRICALS,53,45,DIGBOI,ONGOING,,Non Operative,,,,,,,,,,Tariff Collection: NO,,90,,
803,12336,30021821,MARGHERITA,MARGHERITA,JAGUN,NEW,NON TEA GARDEN,KATHA SEMA NC PWSS,PRANTOR,HAREN MAHANTA,308,284,DIGBOI,ONGOING,,Non Operative,,,,,,,,,,Tariff Collection: NO,,85,,
804,17555,30213076,MARGHERITA,MARGHERITA,JAGUN,NEW,NON TEA GARDEN,KENJIA NC NO 2 PWSS,PRANTOR,SANJIB DAS,170,94,DIGBOI,ONGOING,NON_OPERATIVE,Non Operative,,,,,,,,,,Tariff Collection: NO,,47,,
805,17607,30192336,MARGHERITA,MARGHERITA,KUMSAI,NEW,NON TEA GARDEN,KHARANG KONG GAON PWSS,PRANTOR,ADM PURNIA PVT LTD,224,174,DIGBOI,ONGOING,NON_OPERATIVE,Non Operative,,,,,,,,,,Tariff Collection: NO,,41,,
806,17610,30045434,MARGHERITA,MARGHERITA,KUMSAI,NEW,NON TEA GARDEN,KRIA PANI PWSS,PRANTOR,M/S A.R. Enterprise,130,112,DIGBOI,ONGOING,,Non Operative,,,,,,,,,,Tariff Collection: YES,,100,,
813,22482,30218762,MARGHERITA,MARGHERITA,JAGUN,NEW,NON TEA GARDEN,LAKLA MISING GAON PWSS ( LAKLAPATHAR ),PRANTOR,KAILASH KUMAR GUPTA,428,428,DIGBOI,HANDED_OVER,PARTIALLY_OPERATIVE,Partially Operative,P&RD - 15 FC,ON PROCESS,NO,YES,90000,,Not Started,,Centrifugal Pump Malfunction:Valve Leakage/Damage:Leakage in Distribution Line,Tariff Collection: YES,,100,,
814,17586,30193805,MARGHERITA,MARGHERITA,LEKHAPANI,NEW,NON TEA GARDEN,LAL PAHAR GAON PWSS,RUKSANA,M/S Pragati Enterprise,177,144,DIGBOI,ONGOING,NON_OPERATIVE,Non Operative,,,,,,,,,,Tariff Collection: NO,,100,,
815,17578,30005551,MARGHERITA,MARGHERITA,LEDU COLLIERY,NEW,TEA GARDEN SCHEME,LEDU TEA CO NLR GRANT NO 171 PWSS,RUKSANA,KAILASH KUMAR GUPTA,178,169,DIGBOI,HANDED_OVER,OPERATIVE,Fully Operative,,,,,,,,,,Tariff Collection: NO,,100,,
816,12738,30073308,MARGHERITA,MARGHERITA,LEDU COLLIERY,NEW,TEA GARDEN SCHEME,LEDU TEA CO NLR GRANT NO 174 PWSS,RUKSANA,Sulekha Devi,220,167,DIGBOI,HANDED_OVER,OPERATIVE,Fully Operative,,,,,,,,,,Tariff Collection: YES,,100,,
817,12741,30213070,MARGHERITA,MARGHERITA,LEDU COLLIERY,NEW,TEA GARDEN SCHEME,LEDU TEA CO NLR GRANT PWSS,RUKSANA,HAREN MAHANTA,266,188,DIGBOI,ONGOING,NON_OPERATIVE,Non Operative,,,,,,,,,,Tariff Collection: NO,,48,,
818,17579,30019059,MARGHERITA,MARGHERITA,LEDU COLLIERY,NEW,TEA GARDEN SCHEME,LEDU TEA CO NORTH SIDE PWSS,RUKSANA,KAILASH KUMAR GUPTA,146,160,DIGBOI,HANDED_OVER,OPERATIVE,Fully Operative,P&RD - 15 FC,YES,YES,YES,158099,Kanish Sharma,Completed,,,Tariff Collection: YES,,100,,
819,12744,30012802,MARGHERITA,MARGHERITA,LEKHAPANI,NEW,NON TEA GARDEN,LEKHAPANI PT II PWSS,RUKSANA,HAREN MAHANTA,258,130,DIGBOI,ONGOING,NON_OPERATIVE,Non Operative,,,,,,,,,,Tariff Collection: NO,,100,,
820,17608,30204798,MARGHERITA,MARGHERITA,KUMSAI,NEW,NON TEA GARDEN,LONG TONG NO 1 PWSS,PRANTOR,M/S NIRMAN,238,199,DIGBOI,HANDED_OVER,OPERATIVE,Fully Operative,,,,,,,,,,Tariff Collection: NO,,100,,
821,17618,30216877,MARGHERITA,MARGHERITA,KUMSAI,NEW,NON TEA GARDEN,MADHUPUR VILLAGE PWSS,PRANTOR,Jai Shankar Prasad,155,35,DIGBOI,ONGOING,NON_OPERATIVE,Non Operative,,,,,,,,,,Tariff Collection: YES,,100,,
822,17560,30201843,MARGHERITA,MARGHERITA,JAGUN,NEW,NON TEA GARDEN,MANCHA PATHAR PWSS,PRANTOR,SANJIB DAS,131,103,DIGBOI,ONGOING,NON_OPERATIVE,Non Operative,,,,,,,,,,Tariff Collection: NO,,31,,
823,17582,30201999,MARGHERITA,MARGHERITA,LEKHAPANI,NEW,NON TEA GARDEN,MISSING CHAINAKI PWSS,RUKSANA,M/S Pragati Enterprise,182,157,DIGBOI,HANDED_OVER,OPERATIVE,Fully Operative,,,,,,,,,,Tariff Collection: NO,,100,,
824,17580,30202039,MARGHERITA,MARGHERITA,LEDU COLLIERY,NEW,NON TEA GARDEN,MOLONG PATHER NO 1 & 2 PWSS,RUKSANA,Aaraw Constech Private Limited,476,0,DIGBOI,NOT_STARTED,,Non Operative,,,,,,,,,,Tariff Collection: NO,,22,,
825,17581,30202056,MARGHERITA,MARGHERITA,LEDU COLLIERY,NEW,NON TEA GARDEN,MOLONG PATHER NO 3 PWSS,RUKSANA,M/S Emmanuel Construction,98,0,DIGBOI,NOT_STARTED,,Non Operative,,,,,,,,,,Tariff Collection: NO,,100,,
826,22503,30218261,MARGHERITA,MARGHERITA,JAGUN,NEW,NON TEA GARDEN,MUNGKAM PWSS,PRANTOR,Babar Ali Khan,72,0,DIGBOI,NOT_STARTED,NON_OPERATIVE,Non Operative,,,,,,,,,,Tariff Collection: NO,,25,,
827,17557,30203612,MARGHERITA,MARGHERITA,JAGUN,NEW,NON TEA GARDEN,NAMPHAI ASSAMIYA GAON PWSS ( NAMPHAI ASSAMIYA CHUK ),PRANTOR,KAILASH KUMAR GUPTA,269,265,DIGBOI,HANDED_OVER,PARTIALLY_OPERATIVE,Partially Operative,P&RD - 15 FC,ON PROCESS,NO,YES,105111,,Not Started,,Leakage in Distribution Line:Centrifugal Pump Malfunction:Valve Leakage/Damage:Electrical Fault in the Starter:Electrical fault in panel board,Tariff Collection: NO,,41,,
828,22484,30218766,MARGHERITA,MARGHERITA,JAGUN,NEW,NON TEA GARDEN,NAMPHAI FOREST PWSS,PRANTOR,Kalyan Chetia,332,334,DIGBOI,HANDED_OVER,OPERATIVE,Fully Operative,,,,,,,,,,Tariff Collection: NO,,100,,
829,17556,30203615,MARGHERITA,MARGHERITA,JAGUN,NEW,NON TEA GARDEN,NAMPHAI FOREST VALLEY PWSS,PRANTOR,Pranjal Neog,238,219,DIGBOI,HANDED_OVER,PARTIALLY_OPERATIVE,Partially Operative,P&RD - 15 FC,ON PROCESS,NO,YES,87285,,Not Started,,Leakage in Distribution Line:Centrifugal Pump Malfunction:Submersible Pump Malfunction:Valve Leakage/Damage:Electrical fault in panel board,Tariff Collection: YES,,100,,
830,17558,30203618,MARGHERITA,MARGHERITA,JAGUN,NEW,NON TEA GARDEN,NEPALI CHUK PWSS,PRANTOR,M/S Haji Enterprises,248,145,DIGBOI,ONGOING,NON_OPERATIVE,Non Operative,,,,,,,,,,Tariff Collection: NO,,7,,
831,17611,30203663,MARGHERITA,MARGHERITA,KUMSAI,NEW,NON TEA GARDEN,NIM GAON NO 2 PWSS,PRANTOR,Jai Shankar Prasad,126,104,DIGBOI,ONGOING,NON_OPERATIVE,Non Operative,,,,,,,,,,Tariff Collection: NO,,100,,
835,17606,30203974,MARGHERITA,MARGHERITA,KUMSAI,NEW,NON TEA GARDEN,PACHA GAON PWSS,PRANTOR,ADM PURNIA PVT LTD,247,179,DIGBOI,ONGOING,,Non Operative,,,,,,,,,,Tariff Collection: NO,,100,,
836,12746,30213074,MARGHERITA,MARGHERITA,LEKHAPANI,NEW,NON TEA GARDEN,PAHARPUR NC PWSS,RUKSANA,Sulekha Devi,229,117,DIGBOI,ONGOING,,Non Operative,,,,,,,,,,Tariff Collection: NO,Estimated Submitted to P&RD - Work Ongoing,100,,
838,17559,30196452,MARGHERITA,MARGHERITA,JAGUN,NEW,NON TEA GARDEN,PARBOTIPUR GAON PWSS,PRANTOR,Radha Chetia,573,472,DIGBOI,ONGOING,NON_OPERATIVE,Non Operative,,,,,,,,,,Tariff Collection: NO,,100,,
839,17617,30217033,MARGHERITA,MARGHERITA,KUMSAI,NEW,NON TEA GARDEN,PUNCHUNG GAON NO 1-SURBODOI PWSS,PRANTOR,ADM PURNIA PVT LTD,254,150,DIGBOI,ONGOING,,Non Operative,,,,,,,,,,Tariff Collection: NO,,100,,
840,17616,30196726,MARGHERITA,MARGHERITA,KUMSAI,NEW,NON TEA GARDEN,PUNCHUNG NABAJYOTI PWSS,PRANTOR,ADM PURNIA PVT LTD,79,71,DIGBOI,ONGOING,NON_OPERATIVE,Non Operative,,,,,,,,,,Tariff Collection: NO,,80,,
842,12338,30021824,MARGHERITA,MARGHERITA,JAGUN,NEW,NON TEA GARDEN,RAMPUR NO 3 PWSS,PRANTOR,M/S T.R. INFRA DEVELOPERS (Prop.- RIJU TALUKDAR),314,230,DIGBOI,HANDED_OVER,PARTIALLY_OPERATIVE,Fully Operative,P&RD - 15 FC,YES,YES,YES,232770,RAFIK AHMED ,,,Leakage in Distribution Line:Centrifugal Pump Malfunction:Valve Leakage/Damage,Tariff Collection: NO,,100,,
843,12743,30023008,MARGHERITA,MARGHERITA,LEDU COLLIERY,NEW,NON TEA GARDEN,SALIKI NC PWSS,RUKSANA,HAREN MAHANTA,288,126,DIGBOI,ONGOING,,Non Operative,,,,,,,,,,Tariff Collection: NO,,100,,
844,12345,30073325,MARGHERITA,MARGHERITA,KUMSAI,NEW,NON TEA GARDEN,SEMA GAON PWSS,PRANTOR,Sulekha Devi,252,148,DIGBOI,ONGOING,,Non Operative,,,,,,,,,,Tariff Collection: NO,,0,,
845,17561,30183398,MARGHERITA,MARGHERITA,JAGUN,NEW,NON TEA GARDEN,SONALI GAON PWSS,PRANTOR,Manirul Haque Ansari,177,48,DIGBOI,ONGOING,NON_OPERATIVE,Non Operative,,,,,,,,,,Tariff Collection: NO,,23,,
850,22498,30218392,MARGHERITA,MARGHERITA,LEKHAPANI,NEW,NON TEA GARDEN,TIN MILE PART-I PWSS,RUKSANA,Trade India Construction Pvt Ltd,77,40,DIGBOI,ONGOING,,Non Operative,,,,,,,,,,Tariff Collection: NO,,40,,
851,12767,30017883,MARGHERITA,MARGHERITA,LEKHAPANI,NEW,NON TEA GARDEN,TIN MILE PWSS,RUKSANA,HAREN MAHANTA,278,90,DIGBOI,ONGOING,,Non Operative,,,,,,,,,,Tariff Collection: NO,,29,,
852,12736,30080398,MARGHERITA,MARGHERITA,KUMSAI,NEW,NON TEA GARDEN,TINSUITI NO 1 PWSS,PRANTOR,M/S T.R. INFRA DEVELOPERS (Prop.- RIJU TALUKDAR),221,183,DIGBOI,HANDED_OVER,OPERATIVE,Fully Operative,P&RD - 15 FC,YES,YES,YES,253221,RAFIK AHMED ,,,,Tariff Collection: NO,,100,,
853,22502,30218407,MARGHERITA,MARGHERITA,KUMSAI,NEW,NON TEA GARDEN,TINSUITI NO 2 PWSS,PRANTOR,Bijoy Shankar Sonowal,163,106,DIGBOI,ONGOING,,Non Operative,,,,,,,,,,Tariff Collection: YES,,100,,
854,12761,30184025,MARGHERITA,MARGHERITA,LEKHAPANI,NEW,NON TEA GARDEN,TIPONG PANI NATUN GAON PWSS,RUKSANA,Kalyan Chetia,163,142,DIGBOI,HANDED_OVER,NON_OPERATIVE,Non Operative,P&RD - 15 FC,YES,YES,YES,326156.66,Sukanta Bhattacharjee,Not Started,,Submersible Pump Malfunction,Tariff Collection: NO,,92,,
855,12764,30213085,MARGHERITA,MARGHERITA,LEKHAPANI,NEW,NON TEA GARDEN,TIPONG PANI WARD PWSS,RUKSANA,M/S T.R. INFRA DEVELOPERS (Prop.- RIJU TALUKDAR),333,112,DIGBOI,ONGOING,,Non Operative,P&RD - 15 FC,YES,YES,YES,,,,,,Tariff Collection: NO,,99,,
856,17562,30184799,MARGHERITA,MARGHERITA,JAGUN,NEW,NON TEA GARDEN,LAKLA PATHAR PWSS ( TOKO PATHAR SAMA GAON ),PRANTOR,KAILASH KUMAR GUPTA,341,341,DIGBOI,HANDED_OVER,OPERATIVE,Fully Operative,,,,,,,,,,Tariff Collection: NO,,100,,
857,17619,30184976,MARGHERITA,MARGHERITA,KUMSAI,NEW,NON TEA GARDEN,TOKOWBARI PWSS,PRANTOR,Jai Shankar Prasad,125,75,DIGBOI,ONGOING,,Non Operative,,,,,,,,,,Tariff Collection: NO,,100,,
858,17563,30185362,MARGHERITA,MARGHERITA,JAGUN,NEW,NON TEA GARDEN,WARA GAON PWSS,PRANTOR,Babar Ali Khan,55,0,DIGBOI,ONGOING,NON_OPERATIVE,Non Operative,,,,,,,,,,Tariff Collection: NO,Estimated Submitted to P&RD - Work Ongoing,100,,
859,12772,30015123,MARGHERITA,MARGHERITA,LEKHAPANI,NEW,NON TEA GARDEN,WLA NO (GRANT 200) PWSS,RUKSANA,M/S T.R. INFRA DEVELOPERS (Prop.- RIJU TALUKDAR),238,236,DIGBOI,HANDED_OVER,OPERATIVE,Fully Operative,,,,,,,,,,Tariff Collection: NO,,100,,
905,4699,6689989,MARGHERITA,MARGHERITA,PURONI PUKHURI,RETROFITTING,NON TEA GARDEN,MADHABPUR PWSS,ANUPAM,SRI DEBOJIT PHUKAN,186,201,DIGBOI,HANDED_OVER,NON_OPERATIVE,Non Operative,P&RD - 15 FC,,,,,,,,Pipeline Damage due to PWD road construction or Augmentation,Tariff Collection: NO,,100,,
909,2191,8175362,MARGHERITA,MARGHERITA,BORGULAI,RETROFITTING,NON TEA GARDEN,BORGOLAI NO. 1 PWSS,PUJA,TARUN PAUL,320,320,DIGBOI,ONGOING,NON_OPERATIVE,Non Operative,,,,,,,,,,Tariff Collection: NO,,19,,
910,2193,8176358,MARGHERITA,MARGHERITA,BORGULAI,RETROFITTING,NON TEA GARDEN,BORGOLAI NO.2 PWSS,PUJA,GAUTAM GOGOI,120,220,DIGBOI,ONGOING,PARTIALLY_OPERATIVE,,,,,,,,,,,Tariff Collection: NO,,0,,
911,1973,8176686,MARGHERITA,MARGHERITA,LEDU,RETROFITTING,NON TEA GARDEN,LEDO BAZAR BASTI PWSS,RUKSANA,BITUPON SHARMA,434,499,DIGBOI,ONGOING,PARTIALLY_OPERATIVE,Partially Operative,,,,,,,,,,Tariff Collection: NO,,100,,
921,5036,8236858,MARGHERITA,MARGHERITA,SAMUKJAN,RETROFITTING,NON TEA GARDEN,LEDO TIKOK SETTELEMENT AREAS PWSS,RUKSANA,Ramen Sonowal,310,310,DIGBOI,HANDED_OVER,OPERATIVE,Fully Operative,,,,,,,,,,Tariff Collection: NO,,100,,
922,5257,8229556,MARGHERITA,MARGHERITA,BORGULAI,RETROFITTING,NON TEA GARDEN,NAMDANG PWSS,PUJA,Sukanta Bhattacharjee,96,96,DIGBOI,HANDED_OVER,OPERATIVE,Fully Operative,P&RD - 15 FC,YES,YES,YES,83256,MRIDUL SAIKIA,Completed,,,Tariff Collection: NO,,58,,
956,2184,8161326,MARGHERITA,MARGHERITA,MAKUM PATHAR,RETROFITTING,NON TEA GARDEN,AGBANDHA BENGALI PWSS,PRANTOR,Prosanta Hatibaruah,159,159,DIGBOI,HANDED_OVER,OPERATIVE,Non Operative,,,,,,,,,,Tariff Collection: NO,,96,,
957,2186,8174934,MARGHERITA,MARGHERITA,MAKUM PATHAR,RETROFITTING,NON TEA GARDEN,ALUBARI GAON NO.1 PWSS,PRANTOR,BITUPAN SHARMA,156,156,DIGBOI,HANDED_OVER,NON_OPERATIVE,Non Operative,P&RD - 15 FC,YES,NO,NO,179038,,Not Started,RE-RETROFITTING WORKS ARE GOING ON,Leakage in Distribution Line:Centrifugal Pump Malfunction:Valve Leakage/Damage,Tariff Collection: NO,,100,,
958,2283,8176387,MARGHERITA,MARGHERITA,KETETONG,RETROFITTING,NON TEA GARDEN,FAKIAL GAON NO. 2 PWSS,PRANTOR,PANKAJ DAS,261,261,DIGBOI,HANDED_OVER,OPERATIVE,Fully Operative,,,,,,,,,,Tariff Collection: NO,,100,,
959,2306,8176633,MARGHERITA,MARGHERITA,BHITOR PAWOI,RETROFITTING,NON TEA GARDEN,LAMA GAON PWSS,JURI,SUKANTA BHATTACHARJEE,181,181,DIGBOI,HANDED_OVER,OPERATIVE,Fully Operative,,,,,,,,,,Tariff Collection: YES,,100,,
960,1975,8176758,MARGHERITA,MARGHERITA,BHITOR PAWOI,RETROFITTING,NON TEA GARDEN,MAKUM BLOCK NO. 2 PWSS,JURI,KAILASH KUMAR GUPTA,76,76,DIGBOI,HANDED_OVER,OPERATIVE,Fully Operative,,,,,,,,,,Tariff Collection: NO,,95,,
961,2311,8176871,MARGHERITA,MARGHERITA,MAKUM PATHAR,RETROFITTING,NON TEA GARDEN,MAKUM PATHAR NO 1 PWSS,PRANTOR,Satyajit Bhowmick,206,206,DIGBOI,HANDED_OVER,OPERATIVE,Fully Operative,,,,,,,,,,Tariff Collection: NO,,21,,
962,640,8176887,MARGHERITA,MARGHERITA,MAKUM PATHAR,RETROFITTING,NON TEA GARDEN,MAKUM PATHAR NO 3 PWSS,PRANTOR,KAILASH KUMAR GUPTA,100,113,DIGBOI,HANDED_OVER,OPERATIVE,Fully Operative,,,,,,,,,,Tariff Collection: NO,,100,,
963,2315,8176937,MARGHERITA,MARGHERITA,KETETONG,RETROFITTING,NON TEA GARDEN,MONMOW GAON PWSS,PRANTOR,RANJAN KR. DUTTA,45,100,DIGBOI,HANDED_OVER,OPERATIVE,Fully Operative,,,,,,,,,,Tariff Collection: NO,CONTRACTOR - Work Not Started,100,,
964,2317,8176957,MARGHERITA,MARGHERITA,BHITOR PAWOI,RETROFITTING,NON TEA GARDEN,NIZ MAKUM PWSS,JURI,SRI DEBOJIT PHUKAN,85,85,DIGBOI,HANDED_OVER,PARTIALLY_OPERATIVE,Fully Operative,SOPD,YES,NO,NO,515175,,,,Valve Leakage/Damage,Tariff Collection: NO,,100,,
965,2321,8176988,MARGHERITA,MARGHERITA,KETETONG,RETROFITTING,NON TEA GARDEN,RAJKHOWA GAON PWSS,PRANTOR,PANKAJ DAS,221,221,DIGBOI,HANDED_OVER,PARTIALLY_OPERATIVE,Partially Operative,,,,,,,,,Pipeline Damage due to PWD road construction or Augmentation,Tariff Collection: NO,,100,,
966,2023,8176811,MARGHERITA,MARGHERITA,BHITOR PAWOI,RETROFITTING,NON TEA GARDEN,VITOR POWAI PWSS,JURI,m/s BARUAH ENTERPRISE,137,137,DIGBOI,HANDED_OVER,OPERATIVE,Partially Operative,P&RD - 15 FC,YES,YES,YES,95751,Pranjal Konwar,Completed,,,Tariff Collection: NO,PWD,100,,
967,1977,8176797,MARGHERITA,MARGHERITA,BHITOR PAWOI,RETROFITTING,NON TEA GARDEN,MAKUM BLOCK No 4 PWSS,JURI,PABAN GOGOI,37,37,DIGBOI,HANDED_OVER,OPERATIVE,Partially Operative,PWD,YES,NO,NO,72902,,,,,Tariff Collection: NO,,22,,
968,4703,6690007,MARGHERITA,MARGHERITA,ENTHEM,RETROFITTING,NON TEA GARDEN,MUGONG PATHAR PWSS,JURI,SRI DEBOJIT PHUKAN,207,219,DIGBOI,HANDED_OVER,PARTIALLY_OPERATIVE,Partially Operative,PWD,YES,NO,NO,639654,,,,Pipeline Damage due to PWD road construction or Augmentation,Tariff Collection: NO,,100,,
969,5005,8230122,MARGHERITA,MARGHERITA,KETETONG,RETROFITTING,NON TEA GARDEN,BORFAKIAL GAON PWSS,PRANTOR,M/s RPG Enterprise,202,205,DIGBOI,HANDED_OVER,OPERATIVE,Fully Operative,,,,,,,,,,Tariff Collection: NO,CONTRACTOR - Work Not Started,100,,
1022,2291,8177121,MARGHERITA,MARGHERITA,JAGUN,RETROFITTING,NON TEA GARDEN,JAGUN PWSS,PRANTOR,KAILASH KUMAR GUPTA,456,511,DIGBOI,HANDED_OVER,PARTIALLY_OPERATIVE,Partially Operative,P&RD - 15 FC,ON PROCESS,NO,YES,106691,,Not Started,,Pipeline damage (other third parties),Tariff Collection: YES,,100,,
1023,2294,8176357,MARGHERITA,MARGHERITA,KUMSAI,RETROFITTING,NON TEA GARDEN,KAMBA GAON PWSS,PRANTOR,RAJENDRA RAY,85,85,DIGBOI,ONGOING,NON_OPERATIVE,Non Operative,,,,,,,,,,Tariff Collection: YES,,100,,
1024,2295,8176371,MARGHERITA,MARGHERITA,JAGUN,RETROFITTING,NON TEA GARDEN,KHATANG PANI JOYRAMPUR PWSS,PRANTOR,KAILASH KUMAR GUPTA,61,61,DIGBOI,HANDED_OVER,NON_OPERATIVE,Non Operative,P&RD - 15 FC,YES,YES,YES,89000,SUKANTA BHATTACHARYA,Ongoing,,Submersible Pump Malfunction,Tariff Collection: YES,Estimated Submitted to P&RD - Work Ongoing,100,,
1025,2297,8176431,MARGHERITA,MARGHERITA,KUMSAI,RETROFITTING,NON TEA GARDEN,KUMCHAI PWSS,PRANTOR,Anila Moran,28,28,DIGBOI,HANDED_OVER,NON_OPERATIVE,Non Operative,SOPD,YES,NO,,1088433,,,,Pipeline Damage due to PWD road construction or Augmentation,Tariff Collection: YES,Estimated Submitted to P&RD - Work Ongoing,100,,
1026,2310,8176705,MARGHERITA,MARGHERITA,LEKHAPANI,RETROFITTING,NON TEA GARDEN,LEKHAPANI NADI KINAR PWSS,RUKSANA,SRI DEBOJIT PHUKAN,106,146,DIGBOI,HANDED_OVER,OPERATIVE,Fully Operative,,,,,,,,,,Tariff Collection: NO,,100,,
1027,2322,8176585,MARGHERITA,MARGHERITA,JAGUN,RETROFITTING,NON TEA GARDEN,RAMPUR PWSS,PRANTOR,SUKANTA BHATTACHARJEE,137,137,DIGBOI,HANDED_OVER,PARTIALLY_OPERATIVE,Partially Operative,P&RD - 15 FC,ON PROCESS,NO,NO,142089,SUKANTA BHATTACHARYA,Not Started,,Leakage in Distribution Line:Centrifugal Pump Malfunction:Valve Leakage/Damage:Electrical fault in panel board,Tariff Collection: YES,,100,,
1028,2324,8216354,MARGHERITA,MARGHERITA,LEKHAPANI,RETROFITTING,NON TEA GARDEN,TIRAP NO.I AND II PWSS,RUKSANA,M/S AFCONS,161,230,DIGBOI,ONGOING,PARTIALLY_OPERATIVE,Non Operative,,,,,,,,,,Tariff Collection: NO,,100,,
1029,2058,8176727,MARGHERITA,MARGHERITA,LEKHAPANI,RETROFITTING,NON TEA GARDEN,UDAIPUR NO.3 PWSS,RUKSANA,Sri Jitu Hazarika,111,111,DIGBOI,HANDED_OVER,OPERATIVE,Partially Operative,P&RD - 15 FC,ON PROCESS,NO,NO,,,,,,Tariff Collection: NO,,31,,
1030,2326,8176738,MARGHERITA,MARGHERITA,LEKHAPANI,RETROFITTING,NON TEA GARDEN,UDOIPUR PWSS,RUKSANA,Balu Phukan,284,290,DIGBOI,HANDED_OVER,OPERATIVE,Fully Operative,,,,,,,,,,Tariff Collection: NO,,0,,
1033,4555,6689994,MARGHERITA,MARGHERITA,KUMSAI,RETROFITTING,NON TEA GARDEN,BISA HAWAI PATHER PWSS,PRANTOR,Sri Jitu Hazarika,262,257,DIGBOI,ONGOING,NON_OPERATIVE,Non Operative,,,,,,,,,,Tariff Collection: NO,,0,,
1034,4715,6690001,MARGHERITA,MARGHERITA,JAGUN,RETROFITTING,NON TEA GARDEN,PARBATIPUR PWSS,PRANTOR,M/S SHREE SHYAM CONSTRUCTION & SUPPLIERS,236,236,DIGBOI,HANDED_OVER,OPERATIVE,Fully Operative,,,,,,,,,,Tariff Collection: NO,,100,,
1035,4729,4654539,MARGHERITA,MARGHERITA,LEKHAPANI,RETROFITTING,NON TEA GARDEN,TIRAP MUKH PWSS,RUKSANA,M/S AFCONS,191,191,DIGBOI,ONGOING,NON_OPERATIVE,Non Operative,,,,,,,,,,Tariff Collection: YES,,100,,
1037,5039,8230145,MARGHERITA,MARGHERITA,KUMSAI,RETROFITTING,NON TEA GARDEN,KATHAGAON PWSS,PRANTOR,M/S MAYUR ASSOCIATES,108,108,DIGBOI,ONGOING,NON_OPERATIVE,Non Operative,,,,,,,,,,Tariff Collection: NO,,80,,
1038,5256,8230132,MARGHERITA,MARGHERITA,JAGUN,RETROFITTING,NON TEA GARDEN,KENYA PWSS,PRANTOR,M/S MAYUR ASSOCIATES,77,97,DIGBOI,ONGOING,NON_OPERATIVE,Non Operative,,,,,,,,,,Tariff Collection: NO,,31,,
1039,5259,8229280,MARGHERITA,MARGHERITA,LEDU COLLIERY,RETROFITTING,NON TEA GARDEN,ROD GAON PWSS,RUKSANA,PANKAJ DAS,50,69,DIGBOI,ONGOING,PARTIALLY_OPERATIVE,Non Operative,,,,,,,,,,Tariff Collection: NO,,100,,
1040,5260,8229626,MARGHERITA,MARGHERITA,KUMSAI,RETROFITTING,NON TEA GARDEN,TINSUTI PWSS,PRANTOR,M/s RPG Enterprise,135,135,DIGBOI,ONGOING,NON_OPERATIVE,Non Operative,,,,,,,,,,Tariff Collection: NO,,100,,
23,16194,30205090,SADIYA,SAIKHOWA,DIRAK,NEW,NON TEA GARDEN,BOR DIRAK NO-1 PWSS,PARISHMITA,CHANDRA GOGOI,120,115,DIGBOI,ONGOING,PARTIALLY_OPERATIVE,Non Operative,,,,,,,,,,Tariff Collection: NO,,22,,
24,11852,30015126,SADIYA,SAIKHOWA,DIRAK,NEW,NON TEA GARDEN,BOR DIRAK NO-2 PWSS,PARISHMITA,Gopal Chetri,238,165,DIGBOI,HANDED_OVER,OPERATIVE,Fully Operative,,,,,,,,,,Tariff Collection: NO,,100,,
25,16202,30216296,SADIYA,SAIKHOWA,DIRAK,NEW,NON TEA GARDEN,BOR DIRAK NO-3 PWSS,PARISHMITA,M/S O.G. Enterprises,80,69,DIGBOI,HANDED_OVER,OPERATIVE,Non Operative,P&RD - 15 FC,YES,YES,YES,34243,M B ENTERPRISES,Not Started,,,Tariff Collection: NO,,62,,
26,11856,30017261,SADIYA,SAIKHOWA,DIRAK,NEW,NON TEA GARDEN,BOR MECHAI NO-1 PWSS,PARISHMITA,M/S Kundu & Co.,223,145,DIGBOI,HANDED_OVER,OPERATIVE,Fully Operative,P&RD - 15 FC,YES,YES,YES,153750,M B ENTERPRISES,Completed,,,Tariff Collection: NO,,70,,
33,16213,30217161,SADIYA,SAIKHOWA,DIRAK,NEW,NON TEA GARDEN,GOHARAGURI PWSS,PARISHMITA,M/S SAI ENTERPRISE,157,121,DIGBOI,HANDED_OVER,OPERATIVE,Fully Operative,P&RD - 15 FC,YES,YES,YES,125111,M B ENTERPRISES,Completed,,,Tariff Collection: YES,,100,,
48,16218,30202655,SADIYA,SAIKHOWA,DIRAK,NEW,NON TEA GARDEN,NA SUMONI GAON PWSS,PARISHMITA,M/S O.G. Enterprises,78,82,DIGBOI,ONGOING,NON_OPERATIVE,Non Operative,,,,,,,,,,Tariff Collection: NO,,65,,
49,16220,30076840,SADIYA,SAIKHOWA,DIRAK,NEW,NON TEA GARDEN,NAIKAN CHUBURI PWSS,PARISHMITA,GAUTAM STORES,224,224,DIGBOI,HANDED_OVER,OPERATIVE,Fully Operative,P&RD - 15 FC,YES,YES,YES,125412,M B ENTERPRISES,Completed,,,Tariff Collection: NO,,100,,
50,16231,30203595,SADIYA,SAIKHOWA,DIRAK,NEW,NON TEA GARDEN,NAMESAI PWSS,PARISHMITA,M/S O.G. Enterprises,95,76,DIGBOI,ONGOING,OPERATIVE,Non Operative,,,,,,,,,,Tariff Collection: NO,,100,,
60,16236,30206131,SADIYA,SAIKHOWA,DIRAK,NEW,NON TEA GARDEN,RANGPURIA PWSS,PARISHMITA,M/S O.G. Enterprises,92,102,DIGBOI,ONGOING,NON_OPERATIVE,Non Operative,,,,,,,,,,Tariff Collection: NO,,37,,
64,16246,30181772,SADIYA,SAIKHOWA,DIRAK,NEW,NON TEA GARDEN,SARU MECHAI NO 1 PWSS,PARISHMITA,Prosanta Hatibaruah,184,85,DIGBOI,ONGOING,OPERATIVE,Non Operative,,,,,,,,,,Tariff Collection: NO,,85,,
65,16261,30181874,SADIYA,SAIKHOWA,DIRAK,NEW,NON TEA GARDEN,SARU MECHAI NO-2 PWSS,PARISHMITA,Jaapi Green Products LLP,221,232,DIGBOI,HANDED_OVER,OPERATIVE,Partially Operative,,,,,,,,,,Tariff Collection: NO,Estimated Submitted to P&RD - Work Not Started,100,,
66,16266,30181905,SADIYA,SAIKHOWA,DIRAK,NEW,NON TEA GARDEN,SARU MECHAI NO-3 PWSS,PARISHMITA,Nomita Chutia Hazarika,101,71,DIGBOI,HANDED_OVER,OPERATIVE,Partially Operative,,,,,,,,,,Tariff Collection: YES,,100,,
69,16279,30183471,SADIYA,SAIKHOWA,DIRAK,NEW,NON TEA GARDEN,SUMONI GAON PWSS,PARISHMITA,Kalyan Chetia,50,46,DIGBOI,HANDED_OVER,OPERATIVE,Fully Operative,,,,,,,,,,Tariff Collection: NO,,100,,
78,18106,30134479,SADIYA,SADIYA,NAGAON,NEW,NON TEA GARDEN,1 NO CHAPAKHOWA PWSS,ANUREKH,Kamal Jyoti Buragohain,172,172,TINSUKIA,HANDED_OVER,OPERATIVE,Fully Operative,,,,,,,,,,Tariff Collection: NO,,65,,
79,15312,30005615,SADIYA,SADIYA,SANTIPUR,NEW,NON TEA GARDEN,4 NO SANTIPUR PWSS,ANUREKH,Sunil Shah,359,558,TINSUKIA,HANDED_OVER,PARTIALLY_OPERATIVE,Partially Operative,P&RD - 15 FC,YES,YES,YES,241980,KIRAN LIMBO,Ongoing,ONGOING,Leakage in Distribution Line,Tariff Collection: YES,,100,,
80,15400,30014349,SADIYA,SADIYA,AMBIKAPUR,NEW,NON TEA GARDEN,AMBIKAPUR TOKAJAN GAON PWSS,ANUREKH,Vinay Bhardwaj,259,262,TINSUKIA,ONGOING,NON_OPERATIVE,Non Operative,,,,,,,,,,Tariff Collection: NO,,100,,
81,18065,30183397,SADIYA,SADIYA,KUNDIL,NEW,NON TEA GARDEN,BETONI TORANI PWSS,ANUREKH,Chandan Gogoi,36,53,TINSUKIA,ONGOING,NON_OPERATIVE,Non Operative,,,,,,,,,,Tariff Collection: NO,,100,,
82,17967,30036605,SADIYA,SADIYA,BURABURI,NEW,NON TEA GARDEN,BHABANI GAR DEORI PWSS,ANUREKH,M/S A.D. Enterprise,150,144,TINSUKIA,ONGOING,NON_OPERATIVE,Non Operative,,,,,,,,,,Tariff Collection: NO,,100,,
83,15251,30012298,SADIYA,SADIYA,SUNPURA,NEW,NON TEA GARDEN,BIL BOSTI SUNPURA PWSS,ANUREKH,Vinay Bhardwaj,227,227,TINSUKIA,HANDED_OVER,PARTIALLY_OPERATIVE,Partially Operative,P&RD - 15 FC,YES,YES,YES,299330,RAJU PRADHAN,Ongoing,ONGOING,Feeder cable (AB) damage,Tariff Collection: YES,,100,,
84,18109,30183819,SADIYA,SADIYA,NAGAON,NEW,NON TEA GARDEN,BISHNUPUR BHATIKHUTI PWSS,ANUREKH,Kamal Jyoti Buragohain,116,116,TINSUKIA,HANDED_OVER,OPERATIVE,Fully Operative,,,,,,,,,,Tariff Collection: NO,,85,,
85,18068,30184808,SADIYA,SADIYA,KUNDIL,NEW,NON TEA GARDEN,BOGARIBARI PWSS,ANUREKH,Nortech Power Projects Pvt. Ltd.,35,39,TINSUKIA,HANDED_OVER,OPERATIVE,Fully Operative,P&RD - 15 FC,YES,YES,YES,70071,RAJU PRADHAN,Completed,COMPLETED,,Tariff Collection: NO,,100,,
86,18071,30184822,SADIYA,SADIYA,KUNDIL,NEW,NON TEA GARDEN,BOJAL GAON PWSS,ANUREKH,Nortech Power Projects Pvt. Ltd.,160,160,TINSUKIA,HANDED_OVER,OPERATIVE,Fully Operative,,,,,,,,,,Tariff Collection: NO,,70,,
87,14411,30184834,SADIYA,SADIYA,SUNPURA,NEW,NON TEA GARDEN,BOR DHONIA PWSS,ANUREKH,M/S R R PROJECTS (PROP. RAJA LINGI),119,117,TINSUKIA,HANDED_OVER,OPERATIVE,Partially Operative,PHE Contractor - Under DLP,NO,NO,NO,0,RRPROJECTS,Ongoing,ONGOING,,Tariff Collection: NO,,65,,
88,17970,30185104,SADIYA,SADIYA,BURABURI,NEW,NON TEA GARDEN,BORGORA DEOPANI PWSS,ANUREKH,M/S R R PROJECTS (PROP. RAJA LINGI),169,128,TINSUKIA,ONGOING,NON_OPERATIVE,Non Operative,,,,,,,,,,Tariff Collection: YES,,100,,
89,17925,30185291,SADIYA,SADIYA,BORJIAH,NEW,NON TEA GARDEN,BORJHIYA PWSS,ANUREKH,M/S O.G. Enterprises,80,67,TINSUKIA,ONGOING,OPERATIVE,Non Operative,,,,,,,,,,Tariff Collection: NO,,90,,
90,17920,30185340,SADIYA,SADIYA,BORJIAH,NEW,NON TEA GARDEN,BUKAPATHAR KHANDA PWSS,ANUREKH,M/S R R PROJECTS (PROP. RAJA LINGI),40,39,TINSUKIA,ONGOING,NON_OPERATIVE,Non Operative,,,,,,,,,,Tariff Collection: YES,,100,,
91,15391,30021985,SADIYA,SADIYA,BURABURI,NEW,NON TEA GARDEN,BURABURI DEORI PWSS,ANUREKH,M/S O.G. Enterprises,214,214,TINSUKIA,HANDED_OVER,PARTIALLY_OPERATIVE,Partially Operative,P&RD - 15 FC,YES,YES,YES,97281,BIDYUT BORAH,Ongoing,ONGOING,Leakage in Distribution Line,Tariff Collection: NO,,100,,
92,18110,30215834,SADIYA,SADIYA,NAGAON,NEW,NON TEA GARDEN,CHAPAKHOWA ASSAMIYA PWSS,ANUREKH,Kamal Jyoti Buragohain,127,127,TINSUKIA,HANDED_OVER,OPERATIVE,Fully Operative,,,,,,,,,,Tariff Collection: NO,,76,,
93,17915,30190404,SADIYA,SADIYA,AMBIKAPUR,NEW,NON TEA GARDEN,CHENGCHAP PWSS,ANUREKH,M/S R R PROJECTS (PROP. RAJA LINGI),123,66,TINSUKIA,ONGOING,NON_OPERATIVE,Non Operative,,,,,,,,,,Tariff Collection: NO,CONTRACTOR - Work Not Started,100,,
94,14808,30190778,SADIYA,SADIYA,SUNPURA,NEW,NON TEA GARDEN,DALAPANI PWSS,ANUREKH,Vinay Bhardwaj,191,191,TINSUKIA,COMPLETED,NON_OPERATIVE,Non Operative,,,,,,,,,,Tariff Collection: NO,,90,,
95,17977,30082082,SADIYA,SADIYA,BURABURI,NEW,NON TEA GARDEN,DARA GAON PWSS,ANUREKH,Shailendra Singh,168,155,TINSUKIA,HANDED_OVER,OPERATIVE,Fully Operative,,,,,,,,,,Tariff Collection: NO,,72,,
96,15343,30010856,SADIYA,SADIYA,KUNDIL,NEW,NON TEA GARDEN,DIKRANG PWSS,ANUREKH,Vinay Bhardwaj,236,267,TINSUKIA,ONGOING,NON_OPERATIVE,Non Operative,,,,,,,,,,Tariff Collection: NO,,85,,
97,15443,30012274,SADIYA,SADIYA,KUNDIL,NEW,NON TEA GARDEN,DISAI NADIYA PWSS,ANUREKH,Vinay Bhardwaj,288,247,TINSUKIA,ONGOING,NON_OPERATIVE,Non Operative,,,,,,,,,,Tariff Collection: NO,Estimated Submitted to P&RD - Work Ongoing,100,,
98,18075,30192543,SADIYA,SADIYA,KUNDIL,NEW,NON TEA GARDEN,GANESHBARI PWSS,ANUREKH,M/S R R PROJECTS (PROP. RAJA LINGI),157,109,TINSUKIA,ONGOING,NON_OPERATIVE,Non Operative,,,,,,,,,,Tariff Collection: NO,,99,,
99,18077,30196306,SADIYA,SADIYA,KUNDIL,NEW,NON TEA GARDEN,JHIYA GAON PWSS,ANUREKH,M/S R R PROJECTS (PROP. RAJA LINGI),95,56,TINSUKIA,COMPLETED,OPERATIVE,Fully Operative,,,,,,,,,,Tariff Collection: NO,,75,,
100,17928,30191893,SADIYA,SADIYA,BORJIAH,NEW,NON TEA GARDEN,KAPAWPATHAR DEORI PWSS,ANUREKH,M/S O.G. Enterprises,117,117,TINSUKIA,HANDED_OVER,PARTIALLY_OPERATIVE,Partially Operative,P&RD - 15 FC,YES,YES,YES,137350,BIDYUT BORAH,Ongoing,ONGOING,Leakage in Distribution Line,Tariff Collection: NO,Estimated Submitted to P&RD - Work Ongoing,100,,
101,17931,30213032,SADIYA,SADIYA,BORJIAH,NEW,NON TEA GARDEN,KAPAWPATHAR PWSS,ANUREKH,M/S O.G. Enterprises,130,155,TINSUKIA,ONGOING,NON_OPERATIVE,Non Operative,,,,,,,,,,Tariff Collection: NO,CONTRACTOR - Work Not Started,100,,
102,17916,30192286,SADIYA,SADIYA,AMBIKAPUR,NEW,NON TEA GARDEN,KATUAL KHUTI PWSS,ANUREKH,M/S R R PROJECTS (PROP. RAJA LINGI),53,0,TINSUKIA,ONGOING,NON_OPERATIVE,Non Operative,,,,,,,,,,Tariff Collection: YES,,100,,
103,17980,30192568,SADIYA,SADIYA,BURABURI,NEW,NON TEA GARDEN,KHRISTIAN GOHAIN PWSS,ANUREKH,M/S R R PROJECTS (PROP. RAJA LINGI),106,142,TINSUKIA,HANDED_OVER,OPERATIVE,Fully Operative,P&RD - 15 FC,YES,YES,YES,190884,BIDYUT BORAH,Completed,COMPLETED,,Tariff Collection: NO,,75,,
104,18112,30193470,SADIYA,SADIYA,NAGAON,NEW,NON TEA GARDEN,KUNDIL NAGAR PWSS,ANUREKH,Kamal Jyoti Buragohain,218,201,TINSUKIA,HANDED_OVER,PARTIALLY_OPERATIVE,Partially Operative,P&RD - 15 FC,YES,YES,YES,250067,BIDYUT BORAH,Ongoing,ONGOING,Pipeline Damage due to PWD road construction or Augmentation,Tariff Collection: NO,,90,,
105,15293,30010150,SADIYA,SADIYA,KUNDIL,NEW,NON TEA GARDEN,KUNDIL SHANTI NAGAR PWSS,ANUREKH,Shailendra Singh,218,205,TINSUKIA,HANDED_OVER,PARTIALLY_OPERATIVE,Partially Operative,P&RD - 15 FC,YES,YES,YES,93913,RAJU PRADHAN,Ongoing,ONGOING,Leakage in Distribution Line,Tariff Collection: YES,Estimated Submitted to P&RD - Work Ongoing,100,,
106,17934,30193743,SADIYA,SADIYA,BORJIAH,NEW,NON TEA GARDEN,LAKHIMIJAAN PWSS,ANUREKH,BISWAJIT GOGOI,127,119,TINSUKIA,ONGOING,NON_OPERATIVE,Non Operative,,,,,,,,,,Tariff Collection: NO,CONTRACTOR - Work Ongoing,100,,
107,15397,30014356,SADIYA,SADIYA,BORJIAH,NEW,NON TEA GARDEN,LAKHIMIPATHAR PWSS,ANUREKH,Vinay Bhardwaj,211,205,TINSUKIA,HANDED_OVER,NON_OPERATIVE,Non Operative,P&RD - 15 FC,YES,YES,YES,45455,BIDYUT BORAH,Ongoing,ONGOING,Centrifugal Pump Malfunction:Electrical Fault in the Starter,Tariff Collection: NO,,75,,
108,17982,30193790,SADIYA,SADIYA,BURABURI,NEW,NON TEA GARDEN,LAKHYAPUR PWSS,ANUREKH,Shailendra Singh,145,145,TINSUKIA,HANDED_OVER,OPERATIVE,Fully Operative,P&RD - 15 FC,YES,YES,YES,74745,DIGANTA CHETRI,Completed,COMPLETED,,Tariff Collection: NO,,48,,
109,15403,30015070,SADIYA,SADIYA,AMBIKAPUR,NEW,NON TEA GARDEN,MAJKACHARI PWSS,ANUREKH,Vinay Bhardwaj,319,325,TINSUKIA,HANDED_OVER,PARTIALLY_OPERATIVE,Partially Operative,P&RD - 15 FC,YES,YES,YES,171180,NIHARIKA ENTERPRISE,Ongoing,ONGOING,Leakage in Distribution Line,Tariff Collection: NO,,70,,
110,17917,30201925,SADIYA,SADIYA,AMBIKAPUR,NEW,NON TEA GARDEN,MEKURI BOSTI PWSS,ANUREKH,Iswor Kumar Limbu,71,83,TINSUKIA,ONGOING,NON_OPERATIVE,Non Operative,,,,,,,,,,Tariff Collection: NO,,61,,
111,18079,30201955,SADIYA,SADIYA,KUNDIL,NEW,NON TEA GARDEN,MIRI CHAPORI PWSS,ANUREKH,M/S R R PROJECTS (PROP. RAJA LINGI),200,104,TINSUKIA,ONGOING,NON_OPERATIVE,Non Operative,,,,,,,,,,Tariff Collection: NO,,70,,
112,15422,30012284,SADIYA,SADIYA,KUNDIL,NEW,NON TEA GARDEN,MULUK CHAPORI PWSS,ANUREKH,Vinay Bhardwaj,265,207,TINSUKIA,HANDED_OVER,OPERATIVE,Fully Operative,P&RD - 15 FC,YES,YES,YES,99997,RAJU PRADHAN,Completed,COMPLETED,,Tariff Collection: NO,,80,,
113,18062,30202690,SADIYA,SADIYA,SANTIPUR,NEW,NON TEA GARDEN,NAHARBARI NO 2 PWSS,ANUREKH,M/S R R PROJECTS (PROP. RAJA LINGI),368,218,TINSUKIA,HANDED_OVER,PARTIALLY_OPERATIVE,Partially Operative,P&RD - 15 FC,YES,YES,YES,99379,SHAILENDRA SINGH,Ongoing,ONGOING,Leakage in Distribution Line,Tariff Collection: NO,Estimated Submitted to P&RD - Work Ongoing,100,,
114,18114,30200620,SADIYA,SADIYA,NAGAON,NEW,NON TEA GARDEN,NAPAGLAM PWSS,ANUREKH,Kamal Jyoti Buragohain,72,72,TINSUKIA,HANDED_OVER,OPERATIVE,Fully Operative,P&RD - 15 FC,YES,YES,YES,117544,BIDYUT BORAH,Completed,COMPLETED,,Tariff Collection: NO,,91,,
115,17939,30200670,SADIYA,SADIYA,BORJIAH,NEW,NON TEA GARDEN,NATARANI PWSS,ANUREKH,M/S O.G. Enterprises,79,75,TINSUKIA,HANDED_OVER,OPERATIVE,Fully Operative,P&RD - 15 FC,YES,YES,YES,11789,BISWAJIT CHIRING,Completed,COMPLETED,,Tariff Collection: NO,,30,,
116,17919,30203623,SADIYA,SADIYA,AMBIKAPUR,NEW,NON TEA GARDEN,NETAI DEORI PWSS,ANUREKH,M/S R R PROJECTS (PROP. RAJA LINGI),89,68,TINSUKIA,ONGOING,NON_OPERATIVE,Non Operative,,,,,,,,,,Tariff Collection: NO,Estimated Submitted to P&RD - Work Ongoing,100,,
117,17960,30203730,SADIYA,SADIYA,BORJIAH,NEW,NON TEA GARDEN,NO 2 LAKHIMIPATHAR PWSS,ANUREKH,M/S O.G. Enterprises,115,114,TINSUKIA,ONGOING,NON_OPERATIVE,Non Operative,,,,,,,,,,Tariff Collection: NO,,80,,
118,18113,30196492,SADIYA,SADIYA,NAGAON,NEW,NON TEA GARDEN,PATIDOI NAGAON PWSS,ANUREKH,Kamal Jyoti Buragohain,85,85,TINSUKIA,HANDED_OVER,NON_OPERATIVE,Non Operative,P&RD - 15 FC,YES,YES,YES,37240,BIDYUT BORAH,Ongoing,ONGOING,Submersible Pump Malfunction:Electrical Fault in the Starter,Tariff Collection: NO,,75,,
119,18081,30199504,SADIYA,SADIYA,KUNDIL,NEW,NON TEA GARDEN,PURONA SADIYA PWSS,ANUREKH,Nortech Power Projects Pvt. Ltd.,120,120,TINSUKIA,HANDED_OVER,PARTIALLY_OPERATIVE,Partially Operative,P&RD - 15 FC,YES,YES,YES,65441,RAJU PRADHAN,Ongoing,ONGOING,Leakage in Distribution Line,Tariff Collection: NO,,49,,
120,17998,30199857,SADIYA,SADIYA,BURABURI,NEW,NON TEA GARDEN,RATANPUR PWSS,ANUREKH,M/S R R PROJECTS (PROP. RAJA LINGI),152,150,TINSUKIA,HANDED_OVER,OPERATIVE,Fully Operative,P&RD - 15 FC,YES,YES,YES,247169,BIDYUT BORAH,Completed,COMPLETED,,Tariff Collection: NO,,75,,
121,18043,30183320,SADIYA,SADIYA,SANTIPUR,NEW,NON TEA GARDEN,SIMOLUGURI NO 2 PWSS,ANUREKH,M/S R R PROJECTS (PROP. RAJA LINGI),280,102,TINSUKIA,ONGOING,NON_OPERATIVE,Non Operative,,,,,,,,,,Tariff Collection: NO,,90,,
122,17963,30183422,SADIYA,SADIYA,BORJIAH,NEW,NON TEA GARDEN,SONALIGAON PWSS,ANUREKH,M/S O.G. Enterprises,36,40,TINSUKIA,ONGOING,NON_OPERATIVE,Non Operative,,,,,,,,,,Tariff Collection: NO,Estimated Submitted to P&RD - Work Ongoing,100,,
123,14810,30183478,SADIYA,SADIYA,SUNPURA,NEW,NON TEA GARDEN,SUNPURA GAON PWSS,ANUREKH,M/S R R PROJECTS (PROP. RAJA LINGI),175,173,TINSUKIA,HANDED_OVER,OPERATIVE,Fully Operative,,,,,,,,,,Tariff Collection: NO,,57,,
124,15240,30015063,SADIYA,SADIYA,SUNPURA,NEW,NON TEA GARDEN,SUNPURA UDAIPUR PWSS,ANUREKH,Vinay Bhardwaj,242,245,TINSUKIA,HANDED_OVER,PARTIALLY_OPERATIVE,Partially Operative,SOPD,YES,NO,NO,1253732,,Not Started,Not Started ,Pipeline Damage due to PWD road construction or Augmentation,Tariff Collection: NO,,70,,
125,18006,30183895,SADIYA,SADIYA,BURABURI,NEW,NON TEA GARDEN,TARIBARI PWSS ( BURABURI ),ANUREKH,Shailendra Singh,124,137,TINSUKIA,HANDED_OVER,OPERATIVE,Fully Operative,P&RD - 15 FC,YES,YES,YES,19055,DIGANTA CHETRI,Completed,COMPLETED,,Tariff Collection: NO,,70,,
126,18083,30215775,SADIYA,SADIYA,KUNDIL,NEW,NON TEA GARDEN,TORANI PWSS,ANUREKH,Nortech Power Projects Pvt. Ltd.,176,162,TINSUKIA,HANDED_OVER,PARTIALLY_OPERATIVE,Partially Operative,P&RD - 15 FC,YES,YES,YES,111795,BIDYUT BORAH,Ongoing,COMPLETED,Leakage in Distribution Line,Tariff Collection: NO,,60,,
127,15301,30015699,SADIYA,SADIYA,SANTIPUR,NEW,NON TEA GARDEN,X COLONY PWSS,ANUREKH,BISWAJIT GOGOI,457,313,TINSUKIA,HANDED_OVER,OPERATIVE,Fully Operative,P&RD - 15 FC,YES,YES,YES,102613,SHAILENDRA SINGH,Completed,COMPLETED,,Tariff Collection: NO,,89,,
181,14236,30009401,SADIYA,SAIKHOWA,ARAIMURIA,NEW,NON TEA GARDEN,AJOKHA GAON PWSS,AYANJYOTI,M/S Techno Engineers,224,150,TINSUKIA,HANDED_OVER,OPERATIVE,Fully Operative,P&RD - 15 FC,YES,YES,YES,99759,Juganta gogoi,Completed,,,Tariff Collection: NO,,33,,
182,14241,30007011,SADIYA,SAIKHOWA,GAKHIRBHETI,NEW,NON TEA GARDEN,BETANI GAON PWSS,KRISHNA KAMAL,M/s S.B. Enterprises,293,287,TINSUKIA,HANDED_OVER,OPERATIVE,Partially Operative,P&RD - 15 FC,YES,YES,YES,73093,guna moran,Ongoing,,,Tariff Collection: NO,,45,,
183,15135,30042162,SADIYA,SAIKHOWA,SAIKHOWA,NEW,NON TEA GARDEN,BHUBAN KHAL PWSS,AYANJYOTI,Sujit Kumar Maheswari,227,224,TINSUKIA,HANDED_OVER,OPERATIVE,,,,,,,,,,,Tariff Collection: NO,Estimated Submitted to P&RD - Work Ongoing,100,,
184,14832,30183515,SADIYA,SAIKHOWA,ARAIMURIA,NEW,NON TEA GARDEN,BICHANIMUKH 2 PWSS,AYANJYOTI,Swapan Das,85,80,TINSUKIA,HANDED_OVER,OPERATIVE,,,,,,,,,,,Tariff Collection: NO,,75,,
185,14246,30006648,SADIYA,SAIKHOWA,HAHKHATI,NEW,NON TEA GARDEN,BISANI MUKH N.C. PWSS,AYANJYOTI,M/S Techno Engineers,260,223,TINSUKIA,HANDED_OVER,OPERATIVE,,,,,,,,,,,Tariff Collection: NO,,65,,
186,14239,30017275,SADIYA,SAIKHOWA,DHOLA DHADUM,NEW,NON TEA GARDEN,BOJAL GAON 1 PWSS,AYANJYOTI,Vinay Bhardwaj,367,359,TINSUKIA,HANDED_OVER,OPERATIVE,,,,,,,,,,,Tariff Collection: NO,,95,,
187,14868,30213099,SADIYA,SAIKHOWA,DHOLA DHADUM,NEW,NON TEA GARDEN,BOJAL GAON 2 PWSS,AYANJYOTI,Plaban Das,77,79,TINSUKIA,HANDED_OVER,NON_OPERATIVE,Non Operative,P&RD - 15 FC,YES,YES,YES,84477,JUGANTA GOGOI,Ongoing,,Electrical Fault in the Starter:Electrical fault in panel board,Tariff Collection: NO,Estimated Submitted to P&RD - Work Ongoing,100,,
188,14834,30083388,SADIYA,SAIKHOWA,ARAIMURIA,NEW,NON TEA GARDEN,BOOKAPATHAR GAON PWSS,AYANJYOTI,M/S R R PROJECTS (PROP. RAJA LINGI),289,262,TINSUKIA,ONGOING,,Non Operative,,,,,,,,,,Tariff Collection: NO,,70,,
189,14238,30011060,SADIYA,SAIKHOWA,DHOLA DHADUM,NEW,NON TEA GARDEN,BOR DHADUM PWSS,AYANJYOTI,M/S SIGNAGE INDIA,235,195,TINSUKIA,HANDED_OVER,OPERATIVE,,,,,,,,,,,Tariff Collection: NO,,16,,
190,15060,30143400,SADIYA,SAIKHOWA,NA BORMURA,NEW,NON TEA GARDEN,BORMURA GAON PWSS,AYANJYOTI,M/S SIGNAGE INDIA,234,225,TINSUKIA,HANDED_OVER,OPERATIVE,,,,,,,,,,,Tariff Collection: NO,,44,,
191,22494,30218092,SADIYA,SAIKHOWA,SAIKHOWA,NEW,NON TEA GARDEN,BORMURA MIRI PATHER No 2 PWSS,AYANJYOTI,Rinuma Bordoloi,494,374,TINSUKIA,ONGOING,,Non Operative,,,,,,,,,,Tariff Collection: NO,,91,,
192,14240,30015711,SADIYA,SAIKHOWA,DHOLA DHADUM,NEW,NON TEA GARDEN,DHALA GAON PWSS,AYANJYOTI,Samarjyoti Saikia,207,179,TINSUKIA,HANDED_OVER,OPERATIVE,,,,,,,,,,,Tariff Collection: NO,,20,,
193,14836,30191268,SADIYA,SAIKHOWA,ARAIMURIA,NEW,NON TEA GARDEN,DIGHAL MESAKI PWSS,AYANJYOTI,Moon Lighting Trader,79,62,TINSUKIA,ONGOING,,Non Operative,,,,,,,,,,Tariff Collection: NO,,32,,
194,14904,30191526,SADIYA,SAIKHOWA,HAHKHATI,NEW,NON TEA GARDEN,DIRAKMUKH N.C. PWSS,AYANJYOTI,Lalon Kr. Moran,220,200,TINSUKIA,HANDED_OVER,OPERATIVE,,,,,,,,,,,Tariff Collection: NO,,30,,
195,14242,30014059,SADIYA,SAIKHOWA,GAKHIRBHETI,NEW,NON TEA GARDEN,GAKHIR BHETI PWSS,KRISHNA KAMAL,M/s S.B. Enterprises,268,260,TINSUKIA,HANDED_OVER,OPERATIVE,Partially Operative,P&RD - 15 FC,YES,YES,YES,90274,guna moran,Ongoing,,,Tariff Collection: NO,,100,,
196,15070,30193006,SADIYA,SAIKHOWA,NA BORMURA,NEW,NON TEA GARDEN,GOHAIN GAON NO 1 PWSS,AYANJYOTI,Nortech Power Projects Pvt. Ltd.,122,122,TINSUKIA,HANDED_OVER,OPERATIVE,,,,,,,,,,,Tariff Collection: NO,,100,,
197,14906,30193306,SADIYA,SAIKHOWA,HAHKHATI,NEW,NON TEA GARDEN,HAHKHATI FOREST PWSS,AYANJYOTI,M/S R R PROJECTS (PROP. RAJA LINGI),224,197,TINSUKIA,ONGOING,,Non Operative,,,,,,,,,,Tariff Collection: YES,,100,,
198,14796,30078374,SADIYA,SAIKHOWA,HAHKHATI,NEW,NON TEA GARDEN,HAHKHATI T.E. GT.NO.1 PART 1 PWSS,AYANJYOTI,M/S SIGNAGE INDIA,279,200,TINSUKIA,ONGOING,,Non Operative,,,,,,,,,,Tariff Collection: NO,,100,,
199,14248,30012356,SADIYA,SAIKHOWA,HAHKHATI,NEW,NON TEA GARDEN,HAHKHATI T.E. GT.NO.2 PART 1 PWSS,AYANJYOTI,Vinay Bhardwaj,412,412,TINSUKIA,HANDED_OVER,PARTIALLY_OPERATIVE,Partially Operative,P&RD - 15 FC,YES,,YES,96060,RUPOM,Halted,,Leakage in Distribution Line,Tariff Collection: NO,,100,,
200,14399,30004156,SADIYA,SAIKHOWA,HAHKHATI,NEW,NON TEA GARDEN,HALUA PATHER PWSS,AYANJYOTI,SUBHASH GIRI,322,358,TINSUKIA,HANDED_OVER,OPERATIVE,,,,,,,,,,,Tariff Collection: YES,Estimated Submitted to P&RD - Work Ongoing,100,,
201,15073,30196006,SADIYA,SAIKHOWA,NA BORMURA,NEW,NON TEA GARDEN,HATIGHULI NC PWSS,AYANJYOTI,Nortech Power Projects Pvt. Ltd.,224,186,TINSUKIA,HANDED_OVER,OPERATIVE,,,,,,,,,,,Tariff Collection: NO,,100,,
202,14412,30012935,SADIYA,SAIKHOWA,NA BORMURA,NEW,NON TEA GARDEN,KAPAHTOLI PWSS,AYANJYOTI,Prince Jaiswal,321,255,TINSUKIA,HANDED_OVER,OPERATIVE,,,,,,,,,,,Tariff Collection: NO,,100,,
203,15142,30192664,SADIYA,SAIKHOWA,SAIKHOWA,NEW,NON TEA GARDEN,KHUTIPATHER NO.1 PWSS,AYANJYOTI,M/S G.D. Construction,246,245,TINSUKIA,HANDED_OVER,OPERATIVE,,,,,,,,,,,Tariff Collection: NO,Estimates under Prepration to SOPD,100,,
204,15222,30192715,SADIYA,SAIKHOWA,SAIKHOWA,NEW,NON TEA GARDEN,KHUTIPATHER NO.3 PWSS,AYANJYOTI,Bijendra Sah,113,100,TINSUKIA,ONGOING,,Non Operative,,,,,,,,,,Tariff Collection: NO,,100,,
205,14887,30193514,SADIYA,SAIKHOWA,GAKHIRBHETI,NEW,NON TEA GARDEN,LAINA GAON NO 1 PWSS,KRISHNA KAMAL,M/S O.G. Enterprises,129,0,TINSUKIA,ONGOING,,Non Operative,,,,,,,,,,Tariff Collection: NO,Estimate Under Prepration in Division and will be sent to P&RD,100,,
206,15697,30004271,SADIYA,SAIKHOWA,GAKHIRBHETI,NEW,TEA GARDEN SCHEME,LAINA T.E.51 NLR PWSS,KRISHNA KAMAL,Sri Swadip Gohain,360,360,TINSUKIA,HANDED_OVER,OPERATIVE,Partially Operative,P&RD - 15 FC,YES,YES,YES,97838,Lambit Deka,Ongoing,,,Tariff Collection: NO,,49,,
207,14922,30193924,SADIYA,SAIKHOWA,HAHKHATI,NEW,NON TEA GARDEN,LAWPANI N.C. PWSS,AYANJYOTI,M/S R R PROJECTS (PROP. RAJA LINGI),163,153,TINSUKIA,ONGOING,,Non Operative,,,,,,,,,,Tariff Collection: NO,,60,,
208,14892,30201969,SADIYA,SAIKHOWA,GAKHIRBHETI,NEW,NON TEA GARDEN,MISIMIKOTA NO.1 PWSS,KRISHNA KAMAL,Nortech Power Projects Pvt. Ltd.,137,137,TINSUKIA,HANDED_OVER,OPERATIVE,,,,,,,,,,,Tariff Collection: NO,,0,,
209,14243,30005598,SADIYA,SAIKHOWA,GAKHIRBHETI,NEW,NON TEA GARDEN,MISIMIKOTA NO.2 PWSS,KRISHNA KAMAL,M/S M.P. Agarwalla,228,225,TINSUKIA,ONGOING,,Non Operative,,,,,,,,,,Tariff Collection: NO,,100,,
210,15084,30202621,SADIYA,SAIKHOWA,NA BORMURA,NEW,NON TEA GARDEN,NA BORMURA 1 PWSS,AYANJYOTI,Nortech Power Projects Pvt. Ltd.,102,102,TINSUKIA,HANDED_OVER,OPERATIVE,,,,,,,,,,,Tariff Collection: NO,,100,,
211,15098,30202663,SADIYA,SAIKHOWA,NA BORMURA,NEW,NON TEA GARDEN,NA-BORMURA N.C.NO.3 PWSS,AYANJYOTI,M/S O.G. Enterprises,149,128,TINSUKIA,HANDED_OVER,OPERATIVE,,,,,,,,,,,Tariff Collection: NO,,90,,
212,14244,30011489,SADIYA,SAIKHOWA,GAKHIRBHETI,NEW,NON TEA GARDEN,NAGAON DHULIJAN PWSS,KRISHNA KAMAL,M/S SAI ENTERPRISE,309,316,TINSUKIA,COMPLETED,NON_OPERATIVE,,,,,,,,,,,Tariff Collection: NO,,37,,
213,14875,30216226,SADIYA,SAIKHOWA,DHOLA DHADUM,NEW,NON TEA GARDEN,NEPALI CHIRING 1 PWSS,AYANJYOTI,Plaban Das,153,152,TINSUKIA,HANDED_OVER,OPERATIVE,,,,,,,,,,,Tariff Collection: NO,,54,,
214,14413,30024509,SADIYA,SAIKHOWA,SAIKHOWA,NEW,TEA GARDEN SCHEME,NO.1 DHOLA BAGAN PWSS,AYANJYOTI,Sri Swadip Gohain,532,408,TINSUKIA,ONGOING,,Non Operative,,,,,,,,,,Tariff Collection: NO,,51,,
215,14818,30147307,SADIYA,SAIKHOWA,SAIKHOWA,NEW,NON TEA GARDEN,NO.2 DHOLA BAGAN PWSS,AYANJYOTI,Swapan Das,133,92,TINSUKIA,HANDED_OVER,OPERATIVE,,,,,,,,,,,Tariff Collection: NO,,51,,
216,15121,30196546,SADIYA,SAIKHOWA,NA BORMURA,NEW,NON TEA GARDEN,PHELAI GAON PWSS,AYANJYOTI,Nortech Power Projects Pvt. Ltd.,175,175,TINSUKIA,HANDED_OVER,PARTIALLY_OPERATIVE,Partially Operative,P&RD - 15 FC,NO,,,,,,,Pipeline damage (other third parties),Tariff Collection: NO,,46,,
217,14414,30010865,SADIYA,SAIKHOWA,SAIKHOWA,NEW,NON TEA GARDEN,SAIKHOWA PWSS,AYANJYOTI,M/S G.D. Construction,316,248,TINSUKIA,HANDED_OVER,OPERATIVE,,,,,,,,,,,Tariff Collection: NO,Estimates Already send under SOPD to HQ,100,YES,764189
218,14897,30181647,SADIYA,SAIKHOWA,GAKHIRBHETI,NEW,NON TEA GARDEN,SAMAGURI HABI GAON PWSS,KRISHNA KAMAL,M/S O.G. Enterprises,166,104,TINSUKIA,ONGOING,,Non Operative,,,,,,,,,,Tariff Collection: NO,,29,,
219,14884,30183356,SADIYA,SAIKHOWA,DHOLA DHADUM,NEW,NON TEA GARDEN,SINGSI GAON PWSS,AYANJYOTI,M/S AQUA CLEAN SOLUTION,82,82,TINSUKIA,HANDED_OVER,OPERATIVE,,,,,,,,,,,Tariff Collection: NO,,62,,
220,15236,30183500,SADIYA,SAIKHOWA,SAIKHOWA,NEW,NON TEA GARDEN,BHUBAN KHAL PT 2 PWSS ( TALAP 36 FS ),AYANJYOTI,Bijendra Sah,101,144,TINSUKIA,HANDED_OVER,OPERATIVE,,,,,,,,,,,Tariff Collection: NO,,43,,
221,14400,30019942,SADIYA,SAIKHOWA,HAHKHATI,NEW,NON TEA GARDEN,TENGA PANI N.C. PWSS,AYANJYOTI,PRABHASH KUMAR SINGH,784,494,TINSUKIA,ONGOING,,Non Operative,,,,,,,,,,Tariff Collection: NO,,65,,
222,14245,30012361,SADIYA,SAIKHOWA,HAHKHATI,NEW,NON TEA GARDEN,UPAR SISINI PWSS,AYANJYOTI,Vinay Bhardwaj,280,240,TINSUKIA,HANDED_OVER,OPERATIVE,,,,,,,,,,,Tariff Collection: NO,,80,,
223,14934,30083406,SADIYA,SAIKHOWA,HAHKHATI,NEW,NON TEA GARDEN,UPPERLAUPANI NC 1 PWSS,AYANJYOTI,Bijendra Sah,251,215,TINSUKIA,HANDED_OVER,OPERATIVE,,,,,,,,,,,Tariff Collection: NO,,54,,
224,14401,30003610,SADIYA,SAIKHOWA,HAHKHATI,NEW,NON TEA GARDEN,UPPERLAUPANI NC 2 PWSS,AYANJYOTI,Ankuran Adhyapak,270,262,TINSUKIA,HANDED_OVER,OPERATIVE,,,,,,,,,,,Tariff Collection: NO,,46,,
225,17989,30185315,SADIYA,SADIYA,RAJGARH,NEW,NON TEA GARDEN,BORPATHAR PWSS,KRISHNA KAMAL,M/S R R PROJECTS (PROP. RAJA LINGI),146,25,TINSUKIA,ONGOING,,Non Operative,,,,,,,,,,Tariff Collection: NO,,34,,
226,18050,30203715,SADIYA,SADIYA,RAJGARH,NEW,NON TEA GARDEN,NO 1 NAGAON PWSS,KRISHNA KAMAL,M/S R R PROJECTS (PROP. RAJA LINGI),200,153,TINSUKIA,ONGOING,,Non Operative,,,,,,,,,,Tariff Collection: NO,,58,,
227,18115,30181192,SADIYA,SADIYA,NA-SADIYA,NEW,NON TEA GARDEN,1 NO BACHA GAON PWSS,KRISHNA KAMAL,M/S R R PROJECTS (PROP. RAJA LINGI),92,92,TINSUKIA,ONGOING,,Non Operative,,,,,,,,,,Tariff Collection: NO,,26,,
228,18086,30181265,SADIYA,SADIYA,RAJGARH,NEW,NON TEA GARDEN,1 NO BISHNUPUR PWSS,KRISHNA KAMAL,Vinay Bhardwaj,84,129,TINSUKIA,ONGOING,,Non Operative,,,,,,,,,,Tariff Collection: NO,,100,,
229,18120,30063322,SADIYA,SADIYA,NA-SADIYA,NEW,NON TEA GARDEN,1 NO BOIRAGI MATH PWSS,KRISHNA KAMAL,Shailendra Singh,164,164,TINSUKIA,HANDED_OVER,PARTIALLY_OPERATIVE,Partially Operative,P&RD - 15 FC,YES,YES,YES,87801,AJIT SINGH,Ongoing,,Leakage in Distribution Line,Tariff Collection: NO,,100,,
230,18094,30215913,SADIYA,SADIYA,RAJGARH,NEW,NON TEA GARDEN,2 NO BISHNUPUR PWSS,KRISHNA KAMAL,Vinay Bhardwaj,176,180,TINSUKIA,HANDED_OVER,NON_OPERATIVE,Fully Operative,P&RD - 15 FC,YES,YES,YES,60101,bhageswar konwar,Ongoing,,Centrifugal Pump Malfunction,Tariff Collection: NO,,100,,
231,18121,30181300,SADIYA,SADIYA,NA-SADIYA,NEW,NON TEA GARDEN,2 NO GOHAIN GAON PWSS,KRISHNA KAMAL,SUPREME ZARDA HOUSE,169,170,TINSUKIA,HANDED_OVER,PARTIALLY_OPERATIVE,Partially Operative,P&RD - 15 FC,YES,YES,YES,70618,AJIT SINGH,Ongoing,,Leakage in Distribution Line,Tariff Collection: NO,,100,,
232,18097,30181409,SADIYA,SADIYA,RAJGARH,NEW,NON TEA GARDEN,2 NO RAMPUR MEGELA PWSS,KRISHNA KAMAL,Vinay Bhardwaj,243,243,TINSUKIA,HANDED_OVER,NON_OPERATIVE,Fully Operative,P&RD - 15 FC,YES,YES,YES,65976,bhageswar konwar,Ongoing,,Feeder cable (AB) damage,Tariff Collection: YES,,100,,
233,17780,30181445,SADIYA,SADIYA,AMARPUR,NEW,NON TEA GARDEN,2 NO. CHILLLING PWSS,ANUREKH,M/S O.G. Enterprises,128,126,TINSUKIA,ONGOING,,Non Operative,,,,,,,,,,Tariff Collection: NO,,49,,
234,18116,30181458,SADIYA,SADIYA,NA-SADIYA,NEW,NON TEA GARDEN,4 MILE PWSS,KRISHNA KAMAL,M/S R R PROJECTS (PROP. RAJA LINGI),51,52,TINSUKIA,ONGOING,,Non Operative,,,,,,,,,,Tariff Collection: NO,,100,,
235,17784,30181700,SADIYA,SADIYA,AMARPUR,NEW,NON TEA GARDEN,AMARPUR PWSS,ANUREKH,M/S O.G. Enterprises,156,156,TINSUKIA,ONGOING,,Non Operative,,,,,,,,,,Tariff Collection: NO,,59,,
236,17788,30181743,SADIYA,SADIYA,AMARPUR,NEW,NON TEA GARDEN,ARAPATANG PWSS,ANUREKH,M/S O.G. Enterprises,41,40,TINSUKIA,ONGOING,,Non Operative,,,,,,,,,,Tariff Collection: NO,,100,,
237,17792,30181797,SADIYA,SADIYA,NA-SADIYA,NEW,NON TEA GARDEN,BACHA GAON PWSS,KRISHNA KAMAL,M/S R R PROJECTS (PROP. RAJA LINGI),105,55,TINSUKIA,ONGOING,,Non Operative,,,,,,,,,,Tariff Collection: NO,,50,,
238,18017,30181839,SADIYA,SADIYA,HOLLOW GAON,NEW,NON TEA GARDEN,BAHANI GAON NC PWSS,KRISHNA KAMAL,M/S O.G. Enterprises,57,52,TINSUKIA,ONGOING,,Non Operative,,,,,,,,,,Tariff Collection: NO,,42,,
239,14234,30216307,SADIYA,SADIYA,AMARPUR,NEW,NON TEA GARDEN,BAIRAGI CHAPARI PWSS,ANUREKH,DONY GOHAIN,283,259,TINSUKIA,ONGOING,NON_OPERATIVE,Non Operative,,,,,,,,,,Tariff Collection: NO,,100,,
240,18124,30216461,SADIYA,SADIYA,NA-SADIYA,NEW,NON TEA GARDEN,BHABALA PWSS,KRISHNA KAMAL,M/S R R PROJECTS (PROP. RAJA LINGI),150,42,TINSUKIA,ONGOING,,Non Operative,,,,,,,,,,Tariff Collection: NO,,0,,
241,17795,30190315,SADIYA,SADIYA,AMARPUR,NEW,NON TEA GARDEN,CHARAH GAON PWSS,ANUREKH,M/S O.G. Enterprises,93,90,TINSUKIA,ONGOING,,Non Operative,,,,,,,,,,Tariff Collection: NO,,0,,
242,14235,30076839,SADIYA,SADIYA,AMARPUR,NEW,NON TEA GARDEN,CHILLING MING MANG PWSS,ANUREKH,M/S R R PROJECTS (PROP. RAJA LINGI),257,240,TINSUKIA,ONGOING,,Non Operative,,,,,,,,,,Tariff Collection: NO,,0,,
243,17801,30190577,SADIYA,SADIYA,AMARPUR,NEW,NON TEA GARDEN,CHILLING PWSS,ANUREKH,M/S O.G. Enterprises,165,175,TINSUKIA,ONGOING,,Non Operative,,,,,,,,,,Tariff Collection: NO,,100,,
244,15374,30006825,SADIYA,SADIYA,NA-SADIYA,NEW,NON TEA GARDEN,DOOM PATHAR PWSS,KRISHNA KAMAL,Sunil Shah,218,218,TINSUKIA,HANDED_OVER,OPERATIVE,,,,,,,,,,,Tariff Collection: NO,,100,,
245,18100,30215927,SADIYA,SADIYA,RAJGARH,NEW,NON TEA GARDEN,DOPANI BORGAON PWSS,KRISHNA KAMAL,Vinay Bhardwaj,130,132,TINSUKIA,HANDED_OVER,OPERATIVE,,,,,,,,,,,Tariff Collection: NO,,100,,
246,18102,30191590,SADIYA,SADIYA,RAJGARH,NEW,NON TEA GARDEN,DOPANI GAON PWSS,KRISHNA KAMAL,Vinay Bhardwaj,108,110,TINSUKIA,HANDED_OVER,NON_OPERATIVE,Non Operative,P&RD - 15 FC,YES,YES,YES,92060,bidyut borah,Ongoing,,Centrifugal Pump Malfunction,Tariff Collection: NO,,36,,
247,17806,30191755,SADIYA,SADIYA,AMARPUR,NEW,NON TEA GARDEN,ETSUM PWSS,ANUREKH,Bolen Pertin,149,0,TINSUKIA,ONGOING,,Non Operative,,,,,,,,,,Tariff Collection: NO,,43,,
248,15365,30016474,SADIYA,SADIYA,HOLLOW GAON,NEW,NON TEA GARDEN,GARGAON PWSS,KRISHNA KAMAL,BISWAJIT GOGOI,262,262,TINSUKIA,HANDED_OVER,OPERATIVE,,,,,,,,,,,Tariff Collection: YES,,100,,
249,17810,30192950,SADIYA,SADIYA,AMARPUR,NEW,NON TEA GARDEN,GHAHPUR PWSS,ANUREKH,M/S O.G. Enterprises,178,171,TINSUKIA,ONGOING,,Non Operative,,,,,,,,,,Tariff Collection: NO,,68,,
250,18104,30195979,SADIYA,SADIYA,RAJGARH,NEW,NON TEA GARDEN,HARIPUR PWSS,KRISHNA KAMAL,Vinay Bhardwaj,99,99,TINSUKIA,ONGOING,,Non Operative,,,,,,,,,,Tariff Collection: NO,,74,,
251,14419,30137414,SADIYA,SADIYA,AMARPUR,NEW,NON TEA GARDEN,HASTINAPUR PWSS,ANUREKH,M/S O.G. Enterprises,235,219,TINSUKIA,ONGOING,,Non Operative,,,,,,,,,,Tariff Collection: NO,,59,,
252,18022,30196182,SADIYA,SADIYA,HOLLOW GAON,NEW,NON TEA GARDEN,HOLLOW GAON PWSS,KRISHNA KAMAL,M/S O.G. Enterprises,137,184,TINSUKIA,ONGOING,,Non Operative,,,,,,,,,,Tariff Collection: NO,,71,,
253,15464,30012260,SADIYA,SADIYA,AMARPUR,NEW,NON TEA GARDEN,KAKARAMORA PWSS,KRISHNA KAMAL,Vinay Bhardwaj,327,327,TINSUKIA,ONGOING,,Non Operative,,,,,,,,,,Tariff Collection: YES,Estimated Submitted to P&RD - Work Ongoing,100,,
254,17905,30192052,SADIYA,SADIYA,AMARPUR,NEW,NON TEA GARDEN,KARMI PWSS,ANUREKH,M/S O.G. Enterprises,137,142,TINSUKIA,ONGOING,,Non Operative,,,,,,,,,,Tariff Collection: NO,,100,,
255,18119,30215821,SADIYA,SADIYA,NA-SADIYA,NEW,NON TEA GARDEN,KUNDIL KINAR PWSS,KRISHNA KAMAL,M/S R R PROJECTS (PROP. RAJA LINGI),137,108,TINSUKIA,ONGOING,,Non Operative,,,,,,,,,,Tariff Collection: NO,,33,,
256,18118,30193770,SADIYA,SADIYA,NA-SADIYA,NEW,NON TEA GARDEN,LAKHIMPURIA NEPALI PWSS,KRISHNA KAMAL,M/S R R PROJECTS (PROP. RAJA LINGI),117,111,TINSUKIA,ONGOING,,Non Operative,,,,,,,,,,Tariff Collection: NO,,20,,
257,18117,30216791,SADIYA,SADIYA,NA-SADIYA,NEW,NON TEA GARDEN,LAKHIMPURIA PWSS,KRISHNA KAMAL,M/S R R PROJECTS (PROP. RAJA LINGI),143,109,TINSUKIA,ONGOING,,Non Operative,,,,,,,,,,Tariff Collection: NO,,100,,
258,18024,30200501,SADIYA,SADIYA,HOLLOW GAON,NEW,NON TEA GARDEN,MAJGAON PWSS,KRISHNA KAMAL,M/S O.G. Enterprises,95,42,TINSUKIA,ONGOING,,Non Operative,,,,,,,,,,Tariff Collection: YES,CONTRACTOR - Work Ongoing,100,,
259,18030,30202011,SADIYA,SADIYA,HOLLOW GAON,NEW,NON TEA GARDEN,MOGAR BOSTI PWSS,KRISHNA KAMAL,M/S R R PROJECTS (PROP. RAJA LINGI),60,73,TINSUKIA,HANDED_OVER,OPERATIVE,,,,,,,,,,,Tariff Collection: NO,,70,,
260,17821,30200629,SADIYA,SADIYA,AMARPUR,NEW,NON TEA GARDEN,NAPUN PWSS,ANUREKH,Bolen Pertin,163,0,TINSUKIA,ONGOING,,Non Operative,,,,,,,,,,Tariff Collection: NO,,41,,
261,18026,30200650,SADIYA,SADIYA,HOLLOW GAON,NEW,NON TEA GARDEN,NASAI GAON PWSS,KRISHNA KAMAL,M/S O.G. Enterprises,71,66,TINSUKIA,ONGOING,,Non Operative,,,,,,,,,,Tariff Collection: NO,,59,,
262,18028,30185131,SADIYA,SADIYA,HOLLOW GAON,NEW,NON TEA GARDEN,TUPSINGA GAON NC PWSS,KRISHNA KAMAL,M/S O.G. Enterprises,187,46,TINSUKIA,ONGOING,,Non Operative,,,,,,,,,,Tariff Collection: NO,,100,,
309,14995,30147295,SADIYA,SAIKHOWA,MEGELA,NEW,NON TEA GARDEN,1 NO BOJALTOLI PWSS,KRISHNA KAMAL,SRI KAUSHAL SHARMA,221,220,TINSUKIA,ONGOING,NON_OPERATIVE,Non Operative,,,,,,,,,,Tariff Collection: YES,,100,,
310,14404,30015778,SADIYA,SAIKHOWA,KHOBANG,NEW,TEA GARDEN SCHEME,1 NO KHOBANG TE 105 PWSS,AYANJYOTI,Vinay Bhardwaj,224,251,TINSUKIA,HANDED_OVER,OPERATIVE,,,,,,,,,,,Tariff Collection: NO,,100,,
311,14801,30042181,SADIYA,SAIKHOWA,KHOBANG,NEW,TEA GARDEN SCHEME,1 NO KHOBANG TE 21 PWSS,AYANJYOTI,M/S SIGNAGE INDIA,175,151,TINSUKIA,HANDED_OVER,OPERATIVE,,,,,,,,,,,Tariff Collection: NO,,20,,
312,14802,30181365,SADIYA,SAIKHOWA,KHOBANG,NEW,TEA GARDEN SCHEME,2 NO KHOBANG TE 105 PWSS,AYANJYOTI,Nomita Chutia Hazarika,136,118,TINSUKIA,HANDED_OVER,NON_OPERATIVE,Non Operative,P&RD - 15 FC,YES,YES,YES,99618,JUGANTA GOGOI,Not Started,,Theft of Centrifugal Pump Panel Board,Tariff Collection: NO,,100,,
313,14406,30042178,SADIYA,SAIKHOWA,KHOBANG,NEW,TEA GARDEN SCHEME,2 NO KHOBANG TE 21 PWSS,AYANJYOTI,M/S M.P. Agarwalla,277,144,TINSUKIA,ONGOING,NON_OPERATIVE,Non Operative,,,,,,,,,,Tariff Collection: NO,,70,,
314,15002,30181384,SADIYA,SAIKHOWA,MEGELA,NEW,NON TEA GARDEN,2 NO MEGELA PWSS,KRISHNA KAMAL,Sujit Kumar Maheswari,188,188,TINSUKIA,HANDED_OVER,OPERATIVE,,,,,,,,,,,Tariff Collection: YES,,100,,
315,14405,30015933,SADIYA,SAIKHOWA,KHOBANG,NEW,TEA GARDEN SCHEME,3 NO KHOBANG TE 105 FS PWSS,AYANJYOTI,Vinay Bhardwaj,218,139,TINSUKIA,HANDED_OVER,OPERATIVE,,,,,,,,,,,Tariff Collection: NO,,74,,
316,14407,30006846,SADIYA,SAIKHOWA,KHOBANG,NEW,TEA GARDEN SCHEME,3 NO KHOBANG TE 21 PWSS,AYANJYOTI,Jaapi Green Products LLP,268,274,TINSUKIA,HANDED_OVER,OPERATIVE,Fully Operative,P&RD - 15 FC,YES,YES,YES,45951,juganta gogoi,Completed,,,Tariff Collection: NO,Estimated Submitted to P&RD - Work Not Started,100,,
317,14841,30042184,SADIYA,SAIKHOWA,DANGARI,NEW,NON TEA GARDEN,BIHIA GAON PWSS,AYANJYOTI,M/S SAI ENTERPRISE,213,156,TINSUKIA,HANDED_OVER,OPERATIVE,,,,,,,,,,,Tariff Collection: NO,,90,,
318,15011,30041335,SADIYA,SAIKHOWA,MEGELA,NEW,NON TEA GARDEN,BOR PATHAR NO.3 PWSS,KRISHNA KAMAL,M/S Lengdone World Enterprise,195,193,TINSUKIA,ONGOING,NON_OPERATIVE,Non Operative,,,,,,,,,,Tariff Collection: NO,,100,,
319,14949,30205418,SADIYA,SAIKHOWA,KHOBANG,NEW,TEA GARDEN SCHEME,BUS LINE PWSS,AYANJYOTI,Swapan Das,181,174,TINSUKIA,HANDED_OVER,OPERATIVE,,,,,,,,,,,Tariff Collection: NO,,50,,
320,14402,30042141,SADIYA,SAIKHOWA,KHOBANG,NEW,NON TEA GARDEN,DAISA BALIJAN NO.1 PWSS,AYANJYOTI,M/S M.P. Agarwalla,244,186,TINSUKIA,ONGOING,NON_OPERATIVE,Non Operative,,,,,,,,,,Tariff Collection: NO,,40,,
321,15270,30191224,SADIYA,SAIKHOWA,TALAP,NEW,NON TEA GARDEN,DEEPA LINE PWSS,KRISHNA KAMAL,M/S O.G. Enterprises,239,116,TINSUKIA,ONGOING,NON_OPERATIVE,Non Operative,,,,,,,,,,Tariff Collection: NO,,100,,
322,14854,30205978,SADIYA,SAIKHOWA,DANGARI,NEW,NON TEA GARDEN,JANKINAR PWSS,AYANJYOTI,Manirul Haque Ansari,127,127,TINSUKIA,HANDED_OVER,OPERATIVE,,,,,,,,,,,Tariff Collection: YES,PWD,100,YES,2537731
323,15283,30191848,SADIYA,SAIKHOWA,TALAP,NEW,NON TEA GARDEN,KAPAHBARI PWSS,KRISHNA KAMAL,M/S MAA KAMAKHYA CONSTRUCTION,70,50,TINSUKIA,ONGOING,NON_OPERATIVE,Non Operative,,,,,,,,,,Tariff Collection: NO,,100,,
324,14403,30016519,SADIYA,SAIKHOWA,KHOBANG,NEW,NON TEA GARDEN,KHOBANG GAON PWSS,AYANJYOTI,Kamal Jyoti Buragohain,205,208,TINSUKIA,HANDED_OVER,OPERATIVE,Partially Operative,P&RD - 15 FC,YES,YES,YES,40631,JUGANTA GOGOI,Completed,GI Fitting Left,,Tariff Collection: YES,,100,,
325,14964,30192515,SADIYA,SAIKHOWA,KHOBANG,NEW,TEA GARDEN SCHEME,KHOBANG T.E. 17/21 PWSS,AYANJYOTI,M/s S.B. Enterprises,174,174,TINSUKIA,HANDED_OVER,OPERATIVE,,,,,,,,,,,Tariff Collection: YES,,100,YES,1636356
326,14812,30192542,SADIYA,SAIKHOWA,KHOBANG,NEW,TEA GARDEN SCHEME,KHOBANG T.E.110-74 WL. PWSS,AYANJYOTI,SRI KAUSHAL SHARMA,86,83,TINSUKIA,ONGOING,NON_OPERATIVE,Non Operative,,,,,,,,,,Tariff Collection: YES,,100,,
327,15032,30193317,SADIYA,SAIKHOWA,MEGELA,NEW,NON TEA GARDEN,KULA PATHAR NO.2 PWSS,KRISHNA KAMAL,Ripan Borah,64,56,TINSUKIA,HANDED_OVER,OPERATIVE,,,,,,,,,,,Tariff Collection: NO,,100,,
328,14865,30042157,SADIYA,SAIKHOWA,DANGARI,NEW,NON TEA GARDEN,LAWPATI GAON NO.1 PWSS,AYANJYOTI,M/S SAI ENTERPRISE,202,202,TINSUKIA,HANDED_OVER,OPERATIVE,,,,,,,,,,,Tariff Collection: NO,Estimates under Prepration to SOPD,100,,
329,15037,30204851,SADIYA,SAIKHOWA,MEGELA,NEW,NON TEA GARDEN,LUKHRONG GAON PWSS,KRISHNA KAMAL,Bijendra Sah,128,118,TINSUKIA,HANDED_OVER,OPERATIVE,Partially Operative,P&RD - 15 FC,YES,YES,YES,95922,PROTIM SONOWAL,Ongoing,,,Tariff Collection: YES,Estimates Already send under SOPD to HQ,100,YES,1251218
330,14410,30007010,SADIYA,SAIKHOWA,MEGELA,NEW,NON TEA GARDEN,LUKHRONG PATHAR PART 1 PWSS,KRISHNA KAMAL,M/S Lengdone World Enterprise,233,230,TINSUKIA,HANDED_OVER,OPERATIVE,Fully Operative,P&RD - 15 FC,YES,YES,YES,155368,rituraj sonowal,Completed,,,Tariff Collection: NO,Estimates Already send under SOPD to HQ,100,YES,814946
331,14409,30018796,SADIYA,SAIKHOWA,MEGELA,NEW,TEA GARDEN SCHEME,MEGALA T.E.NO.349 NLR PWSS,KRISHNA KAMAL,Jaapi Green Products LLP,259,237,TINSUKIA,HANDED_OVER,OPERATIVE,,,,,,,,,,,Tariff Collection: NO,,100,,
332,15299,30200700,SADIYA,SAIKHOWA,TALAP,NEW,NON TEA GARDEN,TALAP BALIBAZAR PART 2 PWSS ( NATUN COLONY ),KRISHNA KAMAL,M/S G.D. Construction,378,125,TINSUKIA,ONGOING,NON_OPERATIVE,Non Operative,,,,,,,,,,Tariff Collection: NO,,100,,
333,15355,30039607,SADIYA,SAIKHOWA,TALAP,NEW,NON TEA GARDEN,NATUN GAON PWSS,KRISHNA KAMAL,M/S SIGNAGE INDIA,189,68,TINSUKIA,ONGOING,NON_OPERATIVE,Non Operative,,,,,,,,,,Tariff Collection: NO,,100,,
334,26351,30199487,SADIYA,SAIKHOWA,KHOBANG,NEW,TEA GARDEN SCHEME,PURANA LINE PWSS,AYANJYOTI,Vinay Bhardwaj,130,130,TINSUKIA,HANDED_OVER,OPERATIVE,,,,,,,,,,,Tariff Collection: NO,,100,,
335,14723,30032833,SADIYA,SAIKHOWA,DANGARI,NEW,TEA GARDEN SCHEME,SADA SIVA T.E PWSS,AYANJYOTI,Jaapi Green Products LLP,97,87,TINSUKIA,HANDED_OVER,NON_OPERATIVE,Non Operative,P&RD - 15 FC,YES,,YES,73350,JUGANTA GOGOI,Ongoing,,Electrical Fault in the Starter,Tariff Collection: NO,,100,,
336,15366,30204531,SADIYA,SAIKHOWA,TALAP,NEW,NON TEA GARDEN,SAMAGURI GAON PWSS,KRISHNA KAMAL,M/S G.D. Construction,217,207,TINSUKIA,HANDED_OVER,OPERATIVE,,,,,,,,,,,Tariff Collection: NO,,100,,
337,15042,30182197,SADIYA,SAIKHOWA,MEGELA,NEW,NON TEA GARDEN,SARU DHAUM PWSS,KRISHNA KAMAL,Prince Jaiswal,215,168,TINSUKIA,HANDED_OVER,OPERATIVE,Partially Operative,P&RD - 15 FC,YES,YES,YES,70684,PROTIM SONOWAL,Ongoing,,,Tariff Collection: NO,,100,,
338,15053,30128399,SADIYA,SAIKHOWA,MEGELA,NEW,NON TEA GARDEN,SONARI NO1 & 2 PWSS,KRISHNA KAMAL,Biren Borkotoky,161,163,TINSUKIA,HANDED_OVER,OPERATIVE,Fully Operative,P&RD - 15 FC,YES,YES,YES,99958,PROTIM SONOWAL,Completed,,,Tariff Collection: NO,,100,,
339,15247,30183621,SADIYA,SAIKHOWA,TALAP,NEW,TEA GARDEN SCHEME,TALAP BODO LINE PWSS,AYANJYOTI,Swapan Das,170,171,TINSUKIA,HANDED_OVER,OPERATIVE,,,,,,,,,,,Tariff Collection: YES,,100,,
340,14415,30147280,SADIYA,SAIKHOWA,TALAP,NEW,NON TEA GARDEN,TALAP GAON PWSS,KRISHNA KAMAL,SRI KAUSHAL SHARMA,224,239,TINSUKIA,ONGOING,NON_OPERATIVE,Non Operative,,,,,,,,,,Tariff Collection: NO,,100,,
341,14823,30015948,SADIYA,SAIKHOWA,TALAP,NEW,TEA GARDEN SCHEME,TALAP T.E 100 FS PART 1 PWSS,KRISHNA KAMAL,M/S SIGNAGE INDIA,205,184,TINSUKIA,HANDED_OVER,OPERATIVE,,,,,,,,,,,Tariff Collection: NO,Estimates Already send under SOPD to HQ,100,YES,704433
342,14416,30011841,SADIYA,SAIKHOWA,TALAP,NEW,TEA GARDEN SCHEME,TALAP T.E 100 FS PART 2 PWSS,KRISHNA KAMAL,Sri Swadip Gohain,505,502,TINSUKIA,ONGOING,NON_OPERATIVE,Non Operative,,,,,,,,,,Tariff Collection: NO,,100,,
343,14417,30061327,SADIYA,SAIKHOWA,TALAP,NEW,TEA GARDEN SCHEME,TALAP TE 100 FS PWSS,KRISHNA KAMAL,Swapan Das,700,700,TINSUKIA,HANDED_OVER,OPERATIVE,,,,,,,,,,,Tariff Collection: NO,Sanctioned & Approved under SOPD - Work Ongoing,100,,
344,15379,30042174,SADIYA,SAIKHOWA,TALAP,NEW,NON TEA GARDEN,TENGA GAON PWSS,KRISHNA KAMAL,SUPREME ZARDA HOUSE,230,210,TINSUKIA,HANDED_OVER,OPERATIVE,,,,,,,,,,,Tariff Collection: NO,Estimated Submitted to P&RD - Work Ongoing,100,,
345,14408,30212735,SADIYA,SAIKHOWA,KHOBANG,NEW,NON TEA GARDEN,TIPUK 102 PART 1 PWSS,AYANJYOTI,SRI KESHAB CHUTIA,256,224,TINSUKIA,ONGOING,NON_OPERATIVE,Non Operative,,,,,,,,,,Tariff Collection: NO,Estimated Submitted to P&RD - Work Ongoing,100,,
346,14990,30041331,SADIYA,SAIKHOWA,KHOBANG,NEW,NON TEA GARDEN,TIPUK 102 PART 3 PWSS,AYANJYOTI,SRI KAUSHAL SHARMA,158,97,TINSUKIA,ONGOING,NON_OPERATIVE,Non Operative,,,,,,,,,,Tariff Collection: YES,,100,,
348,17006,30181567,SADIYA,SAIKHOWA,KAKAPATHAR,NEW,NON TEA GARDEN,AHOM PATHER(PANI GAON) PWSS,ANUPAM,Vinay Bhardwaj,94,46,DIGBOI,ONGOING,,Non Operative,,,,,,,,,,Tariff Collection: NO,,100,,
349,17673,30181855,SADIYA,SAIKHOWA,MAITHONG,NEW,NON TEA GARDEN,BALIGAON BIJOYPUR PWSS,PARISHMITA,M/S O.G. Enterprises,191,102,DIGBOI,ONGOING,NON_OPERATIVE,Non Operative,,,,,,,,,,Tariff Collection: NO,,100,,
350,17010,30183310,SADIYA,SAIKHOWA,KAKAPATHAR,NEW,NON TEA GARDEN,BARALI GAON NO.1 PWSS,ANUPAM,Vinay Bhardwaj,129,70,DIGBOI,ONGOING,NON_OPERATIVE,Non Operative,,,,,,,,,,Tariff Collection: NO,,100,,
351,17014,30183670,SADIYA,SAIKHOWA,KAKAPATHAR,NEW,NON TEA GARDEN,BINAPANI CHUBURI PWSS,ANUPAM,Vinay Bhardwaj,92,93,DIGBOI,HANDED_OVER,OPERATIVE,Non Operative,P&RD - 15 FC,NO,,,,,,Panel board is short ,,Tariff Collection: NO,,89,,
354,17021,30184927,SADIYA,SAIKHOWA,KAKAPATHAR,NEW,NON TEA GARDEN,BORA CHUCK NO 1 PWSS,ANUPAM,Vinay Bhardwaj,143,145,DIGBOI,HANDED_OVER,OPERATIVE,Partially Operative,,,,,,,,15 households are not getting water,,Tariff Collection: NO,,100,,
355,17028,30216496,SADIYA,SAIKHOWA,KAKAPATHAR,NEW,NON TEA GARDEN,BORALI NC PWSS,ANUPAM,Vinay Bhardwaj,142,142,DIGBOI,HANDED_OVER,OPERATIVE,Fully Operative,,,,,,,,,,Tariff Collection: NO,,73,,
357,17674,30190171,SADIYA,SAIKHOWA,MAITHONG,NEW,NON TEA GARDEN,BURAGOHAIN CHUCK PWSS,PARISHMITA,M/S O.G. Enterprises,83,70,DIGBOI,ONGOING,NON_OPERATIVE,Non Operative,,,,,,,,,,Tariff Collection: NO,Estimate Under Prepration in Division and will be sent to P&RD,100,,
364,17032,30076842,SADIYA,SAIKHOWA,KAKAPATHAR,NEW,NON TEA GARDEN,CHRISTIAN CHUBURI PWSS,ANUPAM,M/S Electro Mechnico Projects (P) Ltd,152,146,DIGBOI,HANDED_OVER,OPERATIVE,Fully Operative,,,,,,,,,,Tariff Collection: NO,,25,,
365,11902,30014507,SADIYA,SAIKHOWA,KAKAPATHAR,NEW,NON TEA GARDEN,DA PATHAR MAJ GAON PWSS,ANUPAM,M/S Tapan Dutta,225,153,DIGBOI,HANDED_OVER,OPERATIVE,Partially Operative,P&RD - 15 FC,YES,YES,YES,60160,Debajit Dwarah,Ongoing,20 households are not getting water,,Tariff Collection: YES,,100,,
368,17677,30191209,SADIYA,SAIKHOWA,MAITHONG,NEW,NON TEA GARDEN,DAPATHER NALAKAN CHUCK PWSS,PARISHMITA,Raidang,193,61,DIGBOI,ONGOING,PARTIALLY_OPERATIVE,Non Operative,,,,,,,,,,Tariff Collection: YES,,100,,
370,17678,30191548,SADIYA,SAIKHOWA,MAITHONG,NEW,NON TEA GARDEN,DOANIA MAITHONG NO 1 PWSS,PARISHMITA,Raidang,150,87,DIGBOI,ONGOING,OPERATIVE,Non Operative,,,,,,,,,,Tariff Collection: NO,,90,,
371,17680,30215961,SADIYA,SAIKHOWA,MAITHONG,NEW,NON TEA GARDEN,DOANIA MAITHONG NO 5 PWSS,PARISHMITA,Raidang,76,50,DIGBOI,ONGOING,NON_OPERATIVE,Non Operative,,,,,,,,,,Tariff Collection: NO,CONTRACTOR - Work Ongoing,100,,
372,17035,30082336,SADIYA,SAIKHOWA,KAKAPATHAR,NEW,NON TEA GARDEN,GELGELI CHUBURI PWSS,ANUPAM,Prince Jaiswal,201,142,DIGBOI,HANDED_OVER,OPERATIVE,Non Operative,,,,,,,,Village Transformer fuse is out,,Tariff Collection: NO,,100,,
374,17041,30193083,SADIYA,SAIKHOWA,KAKAPATHAR,NEW,NON TEA GARDEN,GONDHOIGURI CHUBURI PWSS,ANUPAM,Vinay Bhardwaj,181,181,DIGBOI,HANDED_OVER,OPERATIVE,Fully Operative,,,,,,,,10 households are not getting water,,Tariff Collection: NO,,93,,
376,17681,30195538,SADIYA,SAIKHOWA,MAITHONG,NEW,NON TEA GARDEN,HAHKHATI NC PWSS,PARISHMITA,M/S. J.T. CONSTRUCTION & SUPPLIERS (PROP: JUSMITA TALUKDAR),160,146,DIGBOI,ONGOING,NON_OPERATIVE,Non Operative,,,,,,,,,,Tariff Collection: NO,,100,,
380,12136,30005563,SADIYA,SAIKHOWA,MAITHONG,NEW,NON TEA GARDEN,KACHARI MAITHONG NO 2 PWSS,PARISHMITA,M/S Lengdone World Enterprise,200,198,DIGBOI,ONGOING,OPERATIVE,Non Operative,,,,,,,,,,Tariff Collection: NO,,100,,
382,17068,30196337,SADIYA,SAIKHOWA,KAKAPATHAR,NEW,NON TEA GARDEN,KAKAPATHER TOWN NO 4 PWSS,ANUPAM,GAUTAM STORES,835,537,DIGBOI,HANDED_OVER,PARTIALLY_OPERATIVE,Partially Operative,PWD,,,,,,,,Pipeline Damage due to PWD road construction or Augmentation,Tariff Collection: NO,,100,,
383,17684,30192311,SADIYA,SAIKHOWA,MAITHONG,NEW,NON TEA GARDEN,KAUPOTONI PWSS,PARISHMITA,M/S. J.T. CONSTRUCTION & SUPPLIERS (PROP: JUSMITA TALUKDAR),233,181,DIGBOI,ONGOING,,Non Operative,,,,,,,,,,Tariff Collection: NO,,100,,
392,17080,30193219,SADIYA,SAIKHOWA,KAKAPATHAR,NEW,NON TEA GARDEN,KRISHAN BASTI PWSS,ANUPAM,Vinay Bhardwaj,110,115,DIGBOI,HANDED_OVER,OPERATIVE,Fully Operative,,,,,,,,25 households are not getting water recently due to pipe leakage,,Tariff Collection: NO,Estimated Submitted to P&RD - Work Ongoing,100,,
396,17090,30200312,SADIYA,SAIKHOWA,KAKAPATHAR,NEW,NON TEA GARDEN,LAZUM PATHER GAON PWSS,ANUPAM,Vinay Bhardwaj,91,95,DIGBOI,HANDED_OVER,OPERATIVE,Non Operative,P&RD - 15 FC,ON PROCESS,,,,,,CWPM GI connection got separated,,Tariff Collection: NO,Estimates Already send under SOPD to HQ,100,YES,1868773
397,17095,30204642,SADIYA,SAIKHOWA,KAKAPATHAR,NEW,NON TEA GARDEN,LAZUMIA CHUCK PWSS,ANUPAM,Vinay Bhardwaj,112,115,DIGBOI,ONGOING,NON_OPERATIVE,Non Operative,,,,,,,,,,Tariff Collection: NO,Estimates Already send under SOPD to HQ,100,YES,5364378
398,17098,30201820,SADIYA,SAIKHOWA,KAKAPATHAR,NEW,NON TEA GARDEN,MALAHONI. PWSS,ANUPAM,Vinay Bhardwaj,133,82,DIGBOI,ONGOING,NON_OPERATIVE,Non Operative,,,,,,,,,,Tariff Collection: NO,,100,,
400,17686,30215829,SADIYA,SAIKHOWA,MAITHONG,NEW,NON TEA GARDEN,MECHAKISIDE PWSS,PARISHMITA,M/s RPG Enterprise,106,89,DIGBOI,HANDED_OVER,OPERATIVE,Fully Operative,P&RD - 15 FC,YES,YES,YES,111480,Rebo Moran ,Not Started,,,Tariff Collection: NO,,75,,
403,17688,30202566,SADIYA,SAIKHOWA,MAITHONG,NEW,NON TEA GARDEN,MRIDONGPARA PWSS,PARISHMITA,M/s RPG Enterprise,58,58,DIGBOI,HANDED_OVER,OPERATIVE,Non Operative,P&RD - 15 FC,YES,YES,YES,77539,Jiba Gogoi,Not Started,,,Tariff Collection: NO,,100,,
404,17690,30202638,SADIYA,SAIKHOWA,MAITHONG,NEW,NON TEA GARDEN,NA MAITHONG PWSS,PARISHMITA,Vinay Bhardwaj,136,140,DIGBOI,ONGOING,NON_OPERATIVE,Non Operative,,,,,,,,,,Tariff Collection: NO,,100,,
405,17692,30202676,SADIYA,SAIKHOWA,MAITHONG,NEW,NON TEA GARDEN,NADAI CHUBURI PWSS,PARISHMITA,Vinay Bhardwaj,104,111,DIGBOI,ONGOING,,Non Operative,,,,,,,,,,Tariff Collection: NO,,100,,
406,17104,30204976,SADIYA,SAIKHOWA,KAKAPATHAR,NEW,NON TEA GARDEN,NAMUBON PWSS,ANUPAM,Vinay Bhardwaj,218,220,DIGBOI,HANDED_OVER,OPERATIVE,Partially Operative,,,,,,,,,,Tariff Collection: YES,,37,,
409,17107,30203964,SADIYA,SAIKHOWA,KAKAPATHAR,NEW,NON TEA GARDEN,OBHATA GAON PWSS,ANUPAM,Vinay Bhardwaj,102,105,DIGBOI,HANDED_OVER,OPERATIVE,Fully Operative,,,,,,,,,,Tariff Collection: NO,,85,,
415,17696,30200046,SADIYA,SAIKHOWA,MAITHONG,NEW,NON TEA GARDEN,RONGPURIA GAON PWSS,PARISHMITA,Vinay Bhardwaj,158,158,DIGBOI,ONGOING,PARTIALLY_OPERATIVE,Non Operative,,,,,,,,,,Tariff Collection: YES,Estimates under Prepration to SOPD,100,YES,1092386
417,17698,30181985,SADIYA,SAIKHOWA,MAITHONG,NEW,NON TEA GARDEN,SHIBIR NATUN GAON PWSS,PARISHMITA,Vinay Bhardwaj,101,100,DIGBOI,ONGOING,,Non Operative,,,,,,,,,,Tariff Collection: NO,,100,,
420,17110,30183968,SADIYA,SAIKHOWA,KAKAPATHAR,NEW,NON TEA GARDEN,TEZIGAON NO 2 PWSS,ANUPAM,Vinay Bhardwaj,87,60,DIGBOI,ONGOING,NON_OPERATIVE,Non Operative,,,,,,,,,,Tariff Collection: YES,,100,,
425,17112,30185206,SADIYA,SAIKHOWA,KAKAPATHAR,NEW,NON TEA GARDEN,UJANI CHUBURI PWSS,ANUPAM,Vinay Bhardwaj,140,141,DIGBOI,HANDED_OVER,NON_OPERATIVE,Non Operative,P&RD - 15 FC,YES,YES,YES,455818,BISHNU BORAH,Ongoing,,Electrical fault in panel board,Tariff Collection: NO,,97,,
426,17128,30082297,SADIYA,SAIKHOWA,KAKAPATHAR,NEW,NON TEA GARDEN,UPOR UBON GAON NO 1 PWSS,ANUPAM,Raidang,234,192,DIGBOI,ONGOING,NON_OPERATIVE,Non Operative,,,,,,,,,,Tariff Collection: YES,Estimates under Prepration to SOPD,100,,
427,17133,30212688,SADIYA,SAIKHOWA,KAKAPATHAR,NEW,NON TEA GARDEN,UPOR UBON GAON NO 2 PWSS,ANUPAM,Vinay Bhardwaj,143,143,DIGBOI,ONGOING,OPERATIVE,Non Operative,,,,,,,,,,Tariff Collection: YES,Estimated Submitted to P&RD - Work Ongoing,100,,
428,17138,30185286,SADIYA,SAIKHOWA,KAKAPATHAR,NEW,NON TEA GARDEN,UPORKULI GAON PWSS,ANUPAM,GAUTAM STORES,144,167,DIGBOI,HANDED_OVER,NON_OPERATIVE,Non Operative,P&RD - 15 FC,YES,YES,YES,482026,BISHNU BORAH,Ongoing,,Feeder cable (AB) damage,Tariff Collection: YES,,100,,
880,1945,8176293,SADIYA,SADIYA,AMBIKAPUR,RETROFITTING,NON TEA GARDEN,BODO GAON PWSS,ANUREKH,Sewji Rai,572,572,TINSUKIA,ONGOING,,Non Operative,,,,,,,,,,Tariff Collection: YES,,100,,
881,1957,8176614,SADIYA,SADIYA,SANTIPUR,RETROFITTING,NON TEA GARDEN,SANTIPUR PWSS (Sadiya),ANUREKH,Shailendra Singh,450,450,TINSUKIA,HANDED_OVER,PARTIALLY_OPERATIVE,Partially Operative,SOPD,YES,YES,YES,1451579,PRASENJIT PHUKAN,Ongoing,ONGOING,Pipeline Damage due to PWD road construction or Augmentation:Leakage in Distribution Line,Tariff Collection: YES,,100,,
882,4566,6562606,SADIYA,SADIYA,BURABURI,RETROFITTING,NON TEA GARDEN,BORGORA ASSOMIYA PWSS,ANUREKH,Dilip Dutta,208,208,TINSUKIA,HANDED_OVER,PARTIALLY_OPERATIVE,Partially Operative,P&RD - 15 FC,YES,YES,YES,95865,BIDYUT BORAH,Ongoing,ONGOING,Leakage in Distribution Line,Tariff Collection: NO,,100,,
883,4700,5030720,SADIYA,SADIYA,NAGAON,RETROFITTING,NON TEA GARDEN,MUGALPUR PWSS,ANUREKH,Sri PRASENJIT PHUKAN,207,207,TINSUKIA,HANDED_OVER,PARTIALLY_OPERATIVE,Partially Operative,P&RD - 15 FC,YES,YES,YES,207762,BIDYUT BORAH,Completed,"One side GRP Panel has been damaged ,falls outside given estimate",Leakage in Distribution Line,Tariff Collection: NO,,100,,
884,4701,6540133,SADIYA,SADIYA,SANTIPUR,RETROFITTING,NON TEA GARDEN,NAHARBARI PWSS,ANUREKH,Sri PRASENJIT PHUKAN,272,272,TINSUKIA,HANDED_OVER,OPERATIVE,Fully Operative,P&RD - 15 FC,YES,YES,YES,170596,NARAYANA HARDWARE,Completed,COMPLETED,,Tariff Collection: NO,,95,,
885,4727,1866507,SADIYA,SADIYA,AMBIKAPUR,RETROFITTING,NON TEA GARDEN,RUKMINI DEORI PWSS,ANUREKH,KAMAL PD SHARMA,165,165,TINSUKIA,ONGOING,NON_OPERATIVE,Non Operative,,,,,,,,,,Tariff Collection: YES,,100,,
886,5046,8222286,SADIYA,SADIYA,KUNDIL,RETROFITTING,NON TEA GARDEN,GHURMURA PWSS,ANUREKH,Virginia Debu Hazarika,200,200,TINSUKIA,HANDED_OVER,PARTIALLY_OPERATIVE,Partially Operative,P&RD - 15 FC,YES,YES,YES,87616,RAJU PRADHAN,Ongoing,ONGOING,Centrifugal Pump Malfunction:Electrical Fault in the Starter,Tariff Collection: NO,,100,,
887,5233,8222197,SADIYA,SADIYA,SUNPURA,RETROFITTING,NON TEA GARDEN,NA PATIA PWSS,ANUREKH,SEWJI RAI,154,154,TINSUKIA,ONGOING,NON_OPERATIVE,Non Operative,,,,,,,,,,Tariff Collection: NO,,100,,
888,5181,8227553,SADIYA,SADIYA,SUNPURA,RETROFITTING,NON TEA GARDEN,Natun Balijan PWSS,ANUREKH,Gulgulia Trade Pvt. Ltd.,282,282,TINSUKIA,HANDED_OVER,OPERATIVE,Fully Operative,,,,,,,,,,Tariff Collection: YES,,100,,
889,5234,8227959,SADIYA,SADIYA,BORJIAH,RETROFITTING,NON TEA GARDEN,PADUM PUKHURI PWSS,ANUREKH,Gulgulia Trade Pvt. Ltd.,217,217,TINSUKIA,HANDED_OVER,PARTIALLY_OPERATIVE,Partially Operative,P&RD - 15 FC,YES,YES,YES,146818,BIDYUT BORAH,Ongoing,ONGOING,Leakage in Distribution Line,Tariff Collection: YES,,100,,
890,9023,8236881,SADIYA,SADIYA,SANTIPUR,RETROFITTING,NON TEA GARDEN,2 NO SHANTIPUR PWSS,ANUREKH,BABAR ALI KHAN,203,203,TINSUKIA,ONGOING,NON_OPERATIVE,Non Operative,,,,,,,,,,Tariff Collection: NO,Estimated Submitted to P&RD - Work Ongoing,100,,
891,9024,8236884,SADIYA,SADIYA,NAGAON,RETROFITTING,NON TEA GARDEN,BORGORA PWSS,ANUREKH,Suvaraj Borah,283,282,TINSUKIA,HANDED_OVER,NON_OPERATIVE,Non Operative,P&RD - 15 FC,YES,YES,YES,53764,BIDYUT BORAH,Ongoing,ONGOING,Electrical Fault in the Starter:Electrical fault in panel board,Tariff Collection: YES,,100,,
892,9027,8239058,SADIYA,SADIYA,AMBIKAPUR,RETROFITTING,NON TEA GARDEN,SIMOLUGURI PWSS,ANUREKH,M/S SHAKTI SALES,221,221,TINSUKIA,ONGOING,NON_OPERATIVE,Non Operative,,,,,,,,,,Tariff Collection: YES,,100,,
893,2277,8235485,SADIYA,SAIKHOWA,DHOLA DHADUM,RETROFITTING,NON TEA GARDEN,DHADUM PWSS,AYANJYOTI,PANKAJ DAS,46,46,TINSUKIA,HANDED_OVER,OPERATIVE,,,,,,,,,,,Tariff Collection: NO,,82,,
894,2304,8176446,SADIYA,SAIKHOWA,GAKHIRBHETI,RETROFITTING,NON TEA GARDEN,LAINA TAMULI PWSS,KRISHNA KAMAL,Suvaraj Borah,57,57,TINSUKIA,HANDED_OVER,OPERATIVE,Partially Operative,P&RD - 15 FC,YES,YES,YES,81800,guna moran,Ongoing,,,Tariff Collection: NO,Estimated Submitted to P&RD - Work Ongoing,100,,
895,2308,8176662,SADIYA,SAIKHOWA,SAIKHOWA,RETROFITTING,NON TEA GARDEN,LAPHANKOLA PWSS,AYANJYOTI,SRI KESHAB CHUTIA,108,109,TINSUKIA,ONGOING,,Non Operative,,,,,,,,,,Tariff Collection: YES,,100,,
896,5613,8222481,SADIYA,SAIKHOWA,ARAIMURIA,RETROFITTING,NON TEA GARDEN,AROIMURIA PWSS,AYANJYOTI,RAMEN SONOWAL,202,195,TINSUKIA,HANDED_OVER,PARTIALLY_OPERATIVE,Partially Operative,P&RD - 15 FC,NO,NO,NO,,NA,,,Pipeline Damage due to PWD road construction or Augmentation,Tariff Collection: NO,,100,,
897,5402,8230414,SADIYA,SAIKHOWA,SAIKHOWA,RETROFITTING,NON TEA GARDEN,BORMURA MIRIPATHER PWSS,AYANJYOTI,PROVAT ACHARJYA,311,311,TINSUKIA,HANDED_OVER,OPERATIVE,,,,,,,,,,,Tariff Collection: NO,Estimated Submitted to P&RD - Work Not Started,100,,
898,5635,8236846,SADIYA,SAIKHOWA,DHOLA DHADUM,RETROFITTING,NON TEA GARDEN,DHALLA KHOLOI PWSS,AYANJYOTI,SRI KAUSHAL SHARMA,306,302,TINSUKIA,ONGOING,,Non Operative,,,,,,,,,,Tariff Collection: NO,,100,,
899,5094,8227327,SADIYA,SAIKHOWA,HAHKHATI,RETROFITTING,NON TEA GARDEN,HAHKHATI PWSS,AYANJYOTI,NIRMAL KUMAR UPADHYAY,164,164,TINSUKIA,HANDED_OVER,OPERATIVE,,,,,,,,,,,Tariff Collection: NO,,100,,
900,5857,8227280,SADIYA,SAIKHOWA,SAIKHOWA,RETROFITTING,NON TEA GARDEN,MIRI GAON PWSS,AYANJYOTI,SUJIT KUMAR MAHESWARI,182,182,TINSUKIA,HANDED_OVER,OPERATIVE,,,,,,,,,,,Tariff Collection: NO,,100,,
901,2052,8177264,SADIYA,SAIKHOWA,DIRAK,RETROFITTING,NON TEA GARDEN,BORDIRAK PWSS,PARISHMITA,RANJAN KR. DUTTA,110,110,DIGBOI,HANDED_OVER,OPERATIVE,Non Operative,,,,,,,,,,Tariff Collection: NO,,100,,
902,5251,8230558,SADIYA,SAIKHOWA,DIRAK,RETROFITTING,NON TEA GARDEN,BORMESAI PWSS,PARISHMITA,NIRMAL MORAN,71,88,DIGBOI,HANDED_OVER,OPERATIVE,Fully Operative,P&RD - 15 FC,YES,YES,YES,73950,M B ENTERPRISES,Completed,,,Tariff Collection: NO,,100,,
903,5244,8230578,SADIYA,SAIKHOWA,DIRAK,RETROFITTING,NON TEA GARDEN,Maithongpani PWSS,PARISHMITA,KUMUD CHANDRA DOHUTIA,114,114,DIGBOI,HANDED_OVER,NON_OPERATIVE,Fully Operative,,,,,,,,,Leakage in Distribution Line,Tariff Collection: YES,,100,,
907,1940,8176702,SADIYA,SADIYA,HOLLOW GAON,RETROFITTING,NON TEA GARDEN,TELIKOLA PWSS,KRISHNA KAMAL,M/S ROHIT CONSTRUCTIONS,283,283,TINSUKIA,ONGOING,,Non Operative,,,,,,,,,,Tariff Collection: NO,,100,,
908,4571,6540151,SADIYA,SADIYA,RAJGARH,RETROFITTING,NON TEA GARDEN,CHANDRAPUR PWSS,KRISHNA KAMAL,SEWJI RAI,166,216,TINSUKIA,ONGOING,,Non Operative,,,,,,,,,,Tariff Collection: NO,,100,,
926,2276,8175549,SADIYA,SAIKHOWA,DANGARI,RETROFITTING,NON TEA GARDEN,DANGARI PWSS,AYANJYOTI,TIKHESWAR BURAGOHAIN,217,220,TINSUKIA,HANDED_OVER,OPERATIVE,,,,,,,,,,,Tariff Collection: NO,,100,,
927,4669,6540101,SADIYA,SAIKHOWA,TALAP,RETROFITTING,NON TEA GARDEN,ERA GAON KHARI GAON PWSS,KRISHNA KAMAL,Provat Acharjya,163,163,TINSUKIA,HANDED_OVER,OPERATIVE,Fully Operative,P&RD - 15 FC,YES,YES,YES,92889,juganta gogoi,Completed,,,Tariff Collection: NO,,100,,
928,5228,8222011,SADIYA,SAIKHOWA,MEGELA,RETROFITTING,NON TEA GARDEN,BORPATHAR NO 1 PWSS,KRISHNA KAMAL,TARUN PAUL,259,259,TINSUKIA,HANDED_OVER,OPERATIVE,,,,,,,,,,,Tariff Collection: YES,,100,,
929,5404,8227217,SADIYA,SAIKHOWA,MEGELA,RETROFITTING,NON TEA GARDEN,CHENGALI SOLOGURI PWSS,KRISHNA KAMAL,"M/s BHARGAV ENTERPRISE,PROP. RUPAM BORBORAH",199,199,TINSUKIA,HANDED_OVER,OPERATIVE,,,,,,,,,,,Tariff Collection: NO,,100,,
930,5064,8227981,SADIYA,SAIKHOWA,TALAP,RETROFITTING,NON TEA GARDEN,KOKORATOLI GAON PWSS (Saikihowa),KRISHNA KAMAL,M/S MAYUR ASSOCIATES,307,313,TINSUKIA,HANDED_OVER,NON_OPERATIVE,Non Operative,P&RD - 15 FC,YES,YES,YES,97566,LAMBIT DEKA,Ongoing,,Transformer Damage,Tariff Collection: YES,,100,,
931,5407,8239010,SADIYA,SAIKHOWA,DANGARI,RETROFITTING,NON TEA GARDEN,LAO KHAGARI PWSS,AYANJYOTI,Monuj Neog,61,87,TINSUKIA,HANDED_OVER,OPERATIVE,,,,,,,,,,,Tariff Collection: NO,,100,,
932,5410,8227492,SADIYA,SAIKHOWA,MEGELA,RETROFITTING,NON TEA GARDEN,MEGELA PWSS,KRISHNA KAMAL,M/S MAYUR ASSOCIATES,66,66,TINSUKIA,HANDED_OVER,OPERATIVE,,,,,,,,,,,Tariff Collection: NO,,100,,
933,5852,8229312,SADIYA,SAIKHOWA,MEGELA,RETROFITTING,NON TEA GARDEN,NAPATHER BORPATHER PWSS,KRISHNA KAMAL,M/S ROHIT CONSTRUCTIONS,111,111,TINSUKIA,ONGOING,NON_OPERATIVE,Non Operative,,,,,,,,,,Tariff Collection: NO,,100,,
934,5843,8230190,SADIYA,SAIKHOWA,KHOBANG,RETROFITTING,NON TEA GARDEN,SAMUGURI PWSS,AYANJYOTI,Gulgulia Trade Pvt. Ltd.,372,389,TINSUKIA,HANDED_OVER,OPERATIVE,Fully Operative,OTHERS - PL SPECIFY IN REMARKS,,,,1200,,,Jalmitra,,Tariff Collection: NO,,100,,
935,5085,8228143,SADIYA,SAIKHOWA,TALAP,RETROFITTING,NON TEA GARDEN,TALAP BALIBAZAR PWSS,KRISHNA KAMAL,RAKSHA SHOPPE,329,388,TINSUKIA,HANDED_OVER,OPERATIVE,,,,,,,,,,,Tariff Collection: NO,,100,,
936,2293,8176300,SADIYA,SAIKHOWA,MAITHONG,RETROFITTING,NON TEA GARDEN,KACHARI MAITHONG PWSS,PARISHMITA,PANKAJ DAS,56,56,DIGBOI,HANDED_OVER,OPERATIVE,Non Operative,,,,,,,,,,Tariff Collection: NO,,100,,
938,2016,8177010,SADIYA,SAIKHOWA,MAITHONG,RETROFITTING,NON TEA GARDEN,SARU DIRAK NO.1 AND 2 PWSS,PARISHMITA,NIRMAL MORAN,74,74,DIGBOI,HANDED_OVER,OPERATIVE,Partially Operative,,,,,,,,,,Tariff Collection: NO,CONTRACTOR - Work Ongoing,100,,
939,2018,8176652,SADIYA,SAIKHOWA,KAKAPATHAR,RETROFITTING,NON TEA GARDEN,TEZI GAON PWSS,ANUPAM,PANKAJ DAS,145,145,DIGBOI,HANDED_OVER,OPERATIVE,Partially Operative,P&RD - 15 FC,ON PROCESS,,,,,,,,Tariff Collection: YES,,100,,
945,5105,8230546,SADIYA,SAIKHOWA,KAKAPATHAR,RETROFITTING,NON TEA GARDEN,BORALI GAON NO 2 PWSS,ANUPAM,SRI DHIRU KAMAL NEOG,98,98,DIGBOI,HANDED_OVER,OPERATIVE,Fully Operative,,,,,,,,,,Tariff Collection: YES,,100,,
946,5246,8236857,SADIYA,SAIKHOWA,KAKAPATHAR,RETROFITTING,NON TEA GARDEN,Kakopather PWSS,ANUPAM,M/S MAYUR ASSOCIATES,400,378,DIGBOI,HANDED_OVER,OPERATIVE,Partially Operative,P&RD - 15 FC,ON PROCESS,,,,,,,,Tariff Collection: YES,,100,,
949,5594,8230677,SADIYA,SAIKHOWA,KAKAPATHAR,RETROFITTING,NON TEA GARDEN,UPORUBON PWSS,ANUPAM,KUMUD CHANDRA DOHUTIA,36,36,DIGBOI,HANDED_OVER,OPERATIVE,Partially Operative,P&RD - 15 FC,ON PROCESS,,,,,,"Solar scheme, new single phase connection will be given, along with single phase pump, motor, ",,Tariff Collection: NO,,100,,
950,9026,8236876,SADIYA,SAIKHOWA,MAITHONG,RETROFITTING,NON TEA GARDEN,CHENGELIJAN PWSS,PARISHMITA,MONUJ NEOG,45,44,DIGBOI,HANDED_OVER,OPERATIVE,Non Operative,P&RD - 15 FC,YES,YES,YES,125675,Jiba Gogoi,Not Started,,,Tariff Collection: YES,,100,,
953,9029,8236890,SADIYA,SAIKHOWA,KAKAPATHAR,RETROFITTING,NON TEA GARDEN,UPER KULI PATHAR PWSS,ANUPAM,NOMITA CHUTIA HAZARIKA,81,81,DIGBOI,HANDED_OVER,OPERATIVE,Fully Operative,,,,,,,,6 house holds are not getting water,,Tariff Collection: YES,,100,,
2,11767,30036121,TINSUKIA,ITAKHULI,LAIPULI,NEW,TEA GARDEN SCHEME,DINJAN CHAPORI PWSS,ANINDITA,Nortech Power Projects Pvt. Ltd.,240,240,TINSUKIA,HANDED_OVER,OPERATIVE,Fully Operative,,,,,,,,,,Tariff Collection: YES,Estimates under Prepration to SOPD,100,,
156,16853,30032938,TINSUKIA,ITAKHULI,BORGURI,NEW,NON TEA GARDEN,AHUKHAT PWSS,ATLANTA,BALU PHUKAN,268,268,TINSUKIA,HANDED_OVER,OPERATIVE,Fully Operative,,,,,,,,,,Tariff Collection: YES,,100,,
158,16854,30190251,TINSUKIA,ITAKHULI,BORGURI,NEW,NON TEA GARDEN,CHANDMARI NEPALI GAON PWSS,ATLANTA,SRI DHIRU KAMAL NEOG,144,144,TINSUKIA,HANDED_OVER,OPERATIVE,Fully Operative,,,,,,,,,,Tariff Collection: YES,,100,,
159,16856,30190431,TINSUKIA,ITAKHULI,BORGURI,NEW,NON TEA GARDEN,CHIKAJAN PWSS,ATLANTA,Rajen Singha,108,88,TINSUKIA,HANDED_OVER,OPERATIVE,Fully Operative,,,,,,,,,,Tariff Collection: YES,,100,,
161,10751,30192924,TINSUKIA,ITAKHULI,BORGURI,NEW,NON TEA GARDEN,GELAPUKHURI GAON PART 2 PWSS,RAJDEEP,M/s Neccon Power & Infra Limited,620,332,TINSUKIA,ONGOING,NON_OPERATIVE,Non Operative,,,,,,,,,,Tariff Collection: NO,PWD,100,,
167,10756,30075990,TINSUKIA,ITAKHULI,BORGURI,NEW,NON TEA GARDEN,JARIGURI GAON PWSS,RAJDEEP,M/s Neccon Power & Infra Limited,273,162,TINSUKIA,ONGOING,NON_OPERATIVE,Non Operative,,,,,,,,,,Tariff Collection: YES,,100,,
168,10761,30077665,TINSUKIA,ITAKHULI,BORGURI,NEW,TEA GARDEN SCHEME,KATCHUJAN TE PT I PWSS,RAJDEEP,M/s Neccon Power & Infra Limited,321,238,TINSUKIA,ONGOING,NON_OPERATIVE,Non Operative,,,,,,,,,,Tariff Collection: NO,,100,,
169,10762,30077660,TINSUKIA,ITAKHULI,BORGURI,NEW,TEA GARDEN SCHEME,KATCHUJAN TE PT II PWSS,RAJDEEP,M/s Neccon Power & Infra Limited,364,135,TINSUKIA,ONGOING,NON_OPERATIVE,Non Operative,,,,,,,,,,Tariff Collection: YES,,100,,
170,16859,30192755,TINSUKIA,ITAKHULI,BORGURI,NEW,NON TEA GARDEN,KOKORATOLI PART 2PWSS,ATLANTA,Kalyan Chetia,152,152,TINSUKIA,HANDED_OVER,OPERATIVE,Partially Operative,P&RD - 15 FC,NO,,,,DK BORA,,,,Tariff Collection: NO,,100,,
430,17926,30011052,TINSUKIA,ITAKHULI,BAPUJI,NEW,TEA GARDEN SCHEME,BAPUJI BORBHETA TE PWSS,RANJITA,Dharmendra Baruah,274,274,TINSUKIA,HANDED_OVER,OPERATIVE,Partially Operative,OTHERS - PL SPECIFY IN REMARKS,,,,,,Ongoing,"The scheme was handed over to the tea garden management ,which is currently undertaking the minor repair and maintenance works.",,Tariff Collection: NO,,100,,
431,18087,30183474,TINSUKIA,ITAKHULI,RONGPURIA,NEW,NON TEA GARDEN,Bhimpara PWSS,PADMINI,Nortech Power Projects Pvt. Ltd.,384,260,TINSUKIA,ONGOING,NON_OPERATIVE,Non Operative,,,,,,,,Scheme Ongoing,,Tariff Collection: NO,Estimated Submitted to P&RD - Work Not Started,100,,
432,17969,30024068,TINSUKIA,ITAKHULI,BORDUBI KNOWARI PATHAR,NEW,NON TEA GARDEN,Bisphutia Gaon PWSS,PADMINI,ALOK KUMAR SINGH,139,220,TINSUKIA,HANDED_OVER,NON_OPERATIVE,Non Operative,PWD,YES,YES,NO,725996,,Not Started,,Transformer Damage,Tariff Collection: NO,,100,,
433,17929,30025212,TINSUKIA,ITAKHULI,BAPUJI,NEW,TEA GARDEN SCHEME,CHOTO TINGRAI TE PWSS ( BAPUJI ),RANJITA,M/s Siotia Infratech,250,232,TINSUKIA,HANDED_OVER,OPERATIVE,Fully Operative,P&RD - 15 FC,YES,YES,YES,27534,Subrata Neog,Completed,,,Tariff Collection: NO,,100,,
434,18088,30205573,TINSUKIA,ITAKHULI,RONGPURIA,NEW,NON TEA GARDEN,DHEKIAJURI BENGALI NO 1 PWSS,PADMINI,M/S MAA KAMAKHYA CONSTRUCTION,561,525,TINSUKIA,ONGOING,NON_OPERATIVE,Non Operative,,,,,,,,,,Tariff Collection: NO,,100,,
435,18090,30146047,TINSUKIA,ITAKHULI,RONGPURIA,NEW,NON TEA GARDEN,Hijuguri Town PWSS,PADMINI,M/S KAMAL KUMAR MODI,1854,146,TINSUKIA,ONGOING,NON_OPERATIVE,Non Operative,,,,,,,,,,Tariff Collection: NO,PWD,100,,
436,19461,30042179,TINSUKIA,ITAKHULI,BORDUBI KNOWARI PATHAR,NEW,TEA GARDEN SCHEME,HUGRIJAN T.E NO 64 PWSS,PADMINI,M/S Call & Fix (Prop: Sri Uday Prakash Kanoi),282,220,TINSUKIA,HANDED_OVER,PARTIALLY_OPERATIVE,Partially Operative,P&RD - 15 FC,YES,YES,YES,147736,TARUN PAUL,Ongoing,,Leakage in Distribution Line:Pipeline damage (other third parties):Valve Leakage/Damage,Tariff Collection: NO,PWD,100,YES,740316
437,11771,30023327,TINSUKIA,ITAKHULI,RONGPURIA,NEW,TEA GARDEN SCHEME,HUKANPHURI TE PWSS,PADMINI,Nortech Power Projects Pvt. Ltd.,168,168,TINSUKIA,HANDED_OVER,PARTIALLY_OPERATIVE,Non Operative,P&RD - 15 FC,ON PROCESS,NO,NO,,PWD,Not Started,,Leakage in Distribution Line:Valve Leakage/Damage,Tariff Collection: NO,,100,,
438,17993,30011024,TINSUKIA,ITAKHULI,ITAKHULI,NEW,TEA GARDEN SCHEME,ITAKHULI T.E. LABOUR LINE 16 PWSS,PADMINI,Kajal Hore,404,378,TINSUKIA,HANDED_OVER,OPERATIVE,Fully Operative,P&RD - 15 FC,YES,YES,YES,70408,TARUN PAUL,Completed,,,Tariff Collection: NO,,100,,
439,17991,30011730,TINSUKIA,ITAKHULI,ITAKHULI,NEW,TEA GARDEN SCHEME,ITAKHULI T.E. LABOUR LINE 20 PWSS,PADMINI,ATUL BORUAH,225,171,TINSUKIA,HANDED_OVER,OPERATIVE,Fully Operative,P&RD - 15 FC,YES,YES,YES,40739,TARUN PAUL,Completed,,,Tariff Collection: NO,PWD,100,,
440,17996,30115046,TINSUKIA,ITAKHULI,ITAKHULI,NEW,TEA GARDEN SCHEME,ITAKHULI T.E.129-125 NLR PWSS,PADMINI,ALOK KUMAR SINGH,90,89,TINSUKIA,ONGOING,NON_OPERATIVE,Non Operative,,,,,,,,,,Tariff Collection: NO,,100,,
441,18002,30041334,TINSUKIA,ITAKHULI,ITAKHULI,NEW,TEA GARDEN SCHEME,Kakojan Part-1 PWSS,PADMINI,Pranjit Lodh Borah,372,366,TINSUKIA,HANDED_OVER,PARTIALLY_OPERATIVE,Partially Operative,P&RD - 15 FC,YES,YES,YES,305379,SUBRATA NEOG,Ongoing,,Leakage in Distribution Line,Tariff Collection: NO,,100,,
442,18003,30015947,TINSUKIA,ITAKHULI,ITAKHULI,NEW,TEA GARDEN SCHEME,KAKOJAN TE PWSS,PADMINI,PAWAN KUMAR SINGH,270,246,TINSUKIA,HANDED_OVER,OPERATIVE,Fully Operative,,,,,,,,,,Tariff Collection: NO,Estimated Submitted to P&RD - Work Not Started,100,,
443,17972,30014048,TINSUKIA,ITAKHULI,BORDUBI KNOWARI PATHAR,NEW,NON TEA GARDEN,KANCHAN NAGAR PWSS,PADMINI,M/S Lakhya Enterprise,226,226,TINSUKIA,HANDED_OVER,OPERATIVE,Partially Operative,P&RD - 15 FC,YES,YES,YES,98740,D.K BORAH,Completed,,,Tariff Collection: NO,,100,,
444,18005,30006685,TINSUKIA,ITAKHULI,ITAKHULI,NEW,TEA GARDEN SCHEME,KEHENG TE 23-145 NLR PWSS,PADMINI,Bhabeh Borgohain,360,262,TINSUKIA,HANDED_OVER,PARTIALLY_OPERATIVE,Partially Operative,PWD,YES,,,424842,,,,Pipeline Damage due to PWD road construction or Augmentation,Tariff Collection: NO,Estimates under Prepration to SOPD,100,,
445,18008,30012886,TINSUKIA,ITAKHULI,ITAKHULI,NEW,TEA GARDEN SCHEME,KEHENG TE 36-144 PWSS,PADMINI,Pranab Chetia,350,352,TINSUKIA,HANDED_OVER,OPERATIVE,Fully Operative,,,,,,,,,,Tariff Collection: NO,,90,,
446,17930,30216723,TINSUKIA,ITAKHULI,BAPUJI,NEW,NON TEA GARDEN,KHETOPATHER GAON PWSS,RANJITA,ANANGA SONOWAL,132,102,TINSUKIA,ONGOING,NON_OPERATIVE,Non Operative,,,,,,,,,,Tariff Collection: NO,,80,,
447,17975,30115036,TINSUKIA,ITAKHULI,BORDUBI KNOWARI PATHAR,NEW,NON TEA GARDEN,KONWARI PATHAR BLOCK PWSS,PADMINI,Nortech Power Projects Pvt. Ltd.,281,256,TINSUKIA,HANDED_OVER,OPERATIVE,Partially Operative,P&RD - 15 FC,ON PROCESS,NO,,,,,,,Tariff Collection: YES,,100,,
448,17978,30216767,TINSUKIA,ITAKHULI,BORDUBI KNOWARI PATHAR,NEW,NON TEA GARDEN,Konwari Pather Gaon PWSS,PADMINI,Nortech Power Projects Pvt. Ltd.,217,227,TINSUKIA,HANDED_OVER,OPERATIVE,Partially Operative,P&RD - 15 FC,ON PROCESS,NO,,,,,,,Tariff Collection: NO,,100,,
449,11775,30216853,TINSUKIA,ITAKHULI,RONGPURIA,NEW,NON TEA GARDEN,LUHARI BENGALI PWSS,PADMINI,Nortech Power Projects Pvt. Ltd.,258,240,TINSUKIA,HANDED_OVER,NON_OPERATIVE,Non Operative,P&RD - 15 FC,YES,YES,YES,212123,NAMITA  HAZARIKA,Not Started,Work alloted by ZP,Centrifugal Pump Malfunction,Tariff Collection: YES,CONTRACTOR - Work Ongoing,100,,
450,22483,30222158,TINSUKIA,ITAKHULI,RONGPURIA,NEW,NON TEA GARDEN,LUHARI KACHARI PT 1 PWSS,PADMINI,M/S S.B. Enterprise,92,82,TINSUKIA,HANDED_OVER,OPERATIVE,Fully Operative,,,,,,,,,,Tariff Collection: NO,Estimates Already send under SOPD to HQ,100,YES,1020517
451,18092,30222153,TINSUKIA,ITAKHULI,RONGPURIA,NEW,NON TEA GARDEN,Luhari Kachari PWSS,PADMINI,Nortech Power Projects Pvt. Ltd.,501,392,TINSUKIA,HANDED_OVER,OPERATIVE,Partially Operative,P&RD - 15 FC,ON PROCESS,NO,,,,,,,Tariff Collection: NO,,100,,
452,18093,30216862,TINSUKIA,ITAKHULI,RONGPURIA,NEW,NON TEA GARDEN,Luhari Nepali PWSS,PADMINI,Nortech Power Projects Pvt. Ltd.,220,236,TINSUKIA,HANDED_OVER,OPERATIVE,Partially Operative,P&RD - 15 FC,ON PROCESS,NO,,,,,,,Tariff Collection: NO,Estimated Submitted to P&RD - Work Ongoing,100,,
453,17933,30004525,TINSUKIA,ITAKHULI,BAPUJI,NEW,NON TEA GARDEN,MAHAKALI TE 315 NLR PWSS,RANJITA,Dharmendra Baruah,277,281,TINSUKIA,HANDED_OVER,OPERATIVE,Partially Operative,PWD,YES,,,3092828,,Ongoing,,,Tariff Collection: YES,,100,,
454,17935,30000862,TINSUKIA,ITAKHULI,BAPUJI,NEW,NON TEA GARDEN,MAHAKALI TE 328 NLR NO 2 PWSS,RANJITA,M/S KAMAL KUMAR MODI,260,498,TINSUKIA,HANDED_OVER,OPERATIVE,Fully Operative,,,,,,,,,,Tariff Collection: YES,,100,,
455,11421,30016789,TINSUKIA,ITAKHULI,BAPUJI,NEW,TEA GARDEN SCHEME,Mahakali TE 328 NLR PWSS,RANJITA,Nortech Power Projects Pvt. Ltd.,902,902,TINSUKIA,HANDED_OVER,PARTIALLY_OPERATIVE,Partially Operative,PWD,YES,,,1808084,,Not Started,,Leakage in Distribution Line:Submersible Pump Malfunction,Tariff Collection: NO,Sanctioned & Approved under SOPD - Work Not Started,100,,
456,17938,30202026,TINSUKIA,ITAKHULI,BAPUJI,NEW,NON TEA GARDEN,MOHKHOLI PWSS,RANJITA,UMESHWAE ROY,231,109,TINSUKIA,ONGOING,NON_OPERATIVE,Non Operative,,,,,,,,,,Tariff Collection: NO,,100,,
457,17981,30008643,TINSUKIA,ITAKHULI,BORDUBI KNOWARI PATHAR,NEW,TEA GARDEN SCHEME,MONKHOSHI TE 339 NLR PWSS,PADMINI,Kajal Hore,200,202,TINSUKIA,HANDED_OVER,OPERATIVE,Fully Operative,,,,,,,,,,Tariff Collection: NO,,100,,
458,17984,30010475,TINSUKIA,ITAKHULI,BORDUBI KNOWARI PATHAR,NEW,TEA GARDEN SCHEME,MONKHUSHI T.E. 304-311 NLR PWSS,PADMINI,M/S S.B. Enterprise,668,379,TINSUKIA,HANDED_OVER,NON_OPERATIVE,Non Operative,P&RD - 15 FC,YES,YES,YES,438078,MONUJ KUMAR,Not Started,,Issue in Deep Tube Well (DTW) for Retrofitting Schemes,Tariff Collection: NO,,100,,
459,17986,30011076,TINSUKIA,ITAKHULI,BORDUBI KNOWARI PATHAR,NEW,NON TEA GARDEN,NAVAPUR PWSS,PADMINI,PAWAN KUMAR SINGH,195,180,TINSUKIA,HANDED_OVER,OPERATIVE,Fully Operative,,,,,,,,,,Tariff Collection: NO,,100,,
460,17965,30114930,TINSUKIA,ITAKHULI,BAPUJI,NEW,NON TEA GARDEN,NEW BORJAN PWSS,RANJITA,Nortech Power Projects Pvt. Ltd.,409,249,TINSUKIA,HANDED_OVER,OPERATIVE,Fully Operative,,,,,,,,,,Tariff Collection: NO,,100,,
461,17988,30041332,TINSUKIA,ITAKHULI,BORDUBI KNOWARI PATHAR,NEW,NON TEA GARDEN,NO 1 BORDUBI PWSS,PADMINI,SATYAM AND CONSORTIUM,194,195,TINSUKIA,HANDED_OVER,OPERATIVE,Fully Operative,,,,,,,,,,Tariff Collection: YES,,100,,
462,18096,30075858,TINSUKIA,ITAKHULI,RONGPURIA,NEW,TEA GARDEN SCHEME,PAKHARIJAN NO 2 PWSS,PADMINI,Nortech Power Projects Pvt. Ltd.,315,243,TINSUKIA,HANDED_OVER,OPERATIVE,Non Operative,P&RD - 15 FC,YES,YES,YES,69217,TARUN PAUL,Not Started,Previously the works under Rongpuria Panchayat was allocated to Panchayat Vendor.,,Tariff Collection: NO,,100,,
463,18098,30196477,TINSUKIA,ITAKHULI,RONGPURIA,NEW,NON TEA GARDEN,PATIA PATHER NO 2 PWSS,PADMINI,Nortech Power Projects Pvt. Ltd.,345,356,TINSUKIA,HANDED_OVER,OPERATIVE,Partially Operative,P&RD - 15 FC,ON PROCESS,NO,,,,,,,Tariff Collection: NO,,100,,
464,18010,30042182,TINSUKIA,ITAKHULI,ITAKHULI,NEW,TEA GARDEN SCHEME,Purna Line PWSS,PADMINI,MONUJ KUMAR,247,242,TINSUKIA,HANDED_OVER,OPERATIVE,Fully Operative,,,,,,,,,,Tariff Collection: NO,,100,,
465,22519,30218390,TINSUKIA,ITAKHULI,RONGPURIA,NEW,NON TEA GARDEN,Sundar Nagar PT1 PWSS,PADMINI,Nortech Power Projects Pvt. Ltd.,389,206,TINSUKIA,ONGOING,NON_OPERATIVE,Non Operative,,,,,,,,,,Tariff Collection: YES,Estimated Submitted to P&RD - Work Ongoing,100,,
466,11773,30020800,TINSUKIA,ITAKHULI,RONGPURIA,NEW,TEA GARDEN SCHEME,Sundar Nagar PWSS,PADMINI,Nortech Power Projects Pvt. Ltd.,210,210,TINSUKIA,HANDED_OVER,PARTIALLY_OPERATIVE,Non Operative,P&RD - 15 FC,YES,YES,YES,71294,TARUN PAUL,Not Started,Previously the works under Rongpuria Panchayat was allocated to Panchayat Vendor.,Pipeline Damage due to PWD road construction or Augmentation,Tariff Collection: YES,,100,,
467,18019,30037522,TINSUKIA,ITAKHULI,ITAKHULI,NEW,NON TEA GARDEN,Zinga Gaon PWSS,PADMINI,Kirti Kamal Baruah,353,204,TINSUKIA,HANDED_OVER,PARTIALLY_OPERATIVE,Partially Operative,P&RD - 15 FC,YES,YES,YES,98364,TARUN PAUL,Not Started,,Leakage in Distribution Line,Tariff Collection: YES,,100,,
470,18053,30181891,TINSUKIA,ITAKHULI,LAIPULI,NEW,NON TEA GARDEN,BAMBARI GAON PWSS,PRANAMIKA,M/S Integrated Systems and Services,74,72,TINSUKIA,ONGOING,,Non Operative,,,,,,,,Ongoing Scheme,,Tariff Collection: NO,,100,,
486,11763,30023168,TINSUKIA,ITAKHULI,LAIPULI,NEW,TEA GARDEN SCHEME,DEOHAL TE.146/143 NLR PWSS,PRANAMIKA,Nortech Power Projects Pvt. Ltd.,590,516,TINSUKIA,HANDED_OVER,OPERATIVE,Partially Operative,PWD,,,,,,,ongoing,,Tariff Collection: NO,,100,,
487,11764,30021817,TINSUKIA,ITAKHULI,LAIPULI,NEW,TEA GARDEN SCHEME,DEWHAL T.E. APPL. NO - 11 BLOCK NO - 2 PWSS,PRANAMIKA,Nortech Power Projects Pvt. Ltd.,254,211,TINSUKIA,HANDED_OVER,OPERATIVE,Fully Operative,P&RD - 15 FC,YES,YES,YES,65680,D.K BORAH,,,,Tariff Collection: NO,,100,,
488,18058,30009962,TINSUKIA,ITAKHULI,LAIPULI,NEW,TEA GARDEN SCHEME,DEWHAL T.E.NO - 6-140-193-191 NLR. GT PWSS,PRANAMIKA,M/S Dihing Construction,120,132,TINSUKIA,HANDED_OVER,OPERATIVE,Fully Operative,,,,,,,,,,Tariff Collection: NO,,100,,
489,11765,30007988,TINSUKIA,ITAKHULI,LAIPULI,NEW,TEA GARDEN SCHEME,DEWHAL TE.147-144 NLR. PWSS,PRANAMIKA,Nortech Power Projects Pvt. Ltd.,299,157,TINSUKIA,HANDED_OVER,OPERATIVE,Partially Operative,PWD,,,,,,,ongoing,,Tariff Collection: NO,,100,,
490,18060,30036608,TINSUKIA,ITAKHULI,LAIPULI,NEW,TEA GARDEN SCHEME,DEWHAL TE.278 NLR PWSS,PRANAMIKA,Hriday Chutia,255,221,TINSUKIA,HANDED_OVER,OPERATIVE,Fully Operative,,,,,,,,,,Tariff Collection: NO,,100,,
491,11766,30014953,TINSUKIA,ITAKHULI,LAIPULI,NEW,TEA GARDEN SCHEME,DEWHAL TE.APPL.NO-11BLOCK NO-4 PWSS,PRANAMIKA,Nortech Power Projects Pvt. Ltd.,834,762,TINSUKIA,HANDED_OVER,OPERATIVE,Non Operative,P&RD - 15 FC,YES,YES,YES,,,,work ongoing,,Tariff Collection: YES,,100,,
508,18064,30023381,TINSUKIA,ITAKHULI,LAIPULI,NEW,NON TEA GARDEN,KHARIKATIA GAON PWSS,PRANAMIKA,Nortech Power Projects Pvt. Ltd.,171,166,TINSUKIA,HANDED_OVER,OPERATIVE,Partially Operative,P&RD - 15 FC,YES,,,,,,,,Tariff Collection: NO,,100,,
515,18066,30020789,TINSUKIA,ITAKHULI,LAIPULI,NEW,NON TEA GARDEN,MATIE KHANA GAON PT II PWSS,PRANAMIKA,Nortech Power Projects Pvt. Ltd.,245,239,TINSUKIA,HANDED_OVER,NON_OPERATIVE,Fully Operative,P&RD - 15 FC,YES,YES,YES,78000,Subrat Neog,Ongoing,partially operative,Submersible Pump Malfunction:Leakage in Distribution Line,Tariff Collection: NO,,100,,
516,11768,30201916,TINSUKIA,ITAKHULI,LAIPULI,NEW,NON TEA GARDEN,MAUT GHAT GAON PT II PWSS,PRANAMIKA,Kajal Hore,122,0,TINSUKIA,ONGOING,,Non Operative,,,,,,,,,,Tariff Collection: YES,,100,,
517,18070,30017201,TINSUKIA,ITAKHULI,LAIPULI,NEW,NON TEA GARDEN,MORANKARI GAON PT II PWSS,PRANAMIKA,Bhabeh Borgohain,222,159,TINSUKIA,HANDED_OVER,OPERATIVE,Non Operative,P&RD - 15 FC,ON PROCESS,,,,,,,,Tariff Collection: NO,Estimates Already send under SOPD to HQ,100,,
534,11769,30012855,TINSUKIA,ITAKHULI,LAIPULI,NEW,TEA GARDEN SCHEME,SUKANGURI T.E. 109-111 NLR PWSS,PRANAMIKA,Nortech Power Projects Pvt. Ltd.,207,153,TINSUKIA,HANDED_OVER,OPERATIVE,Partially Operative,PWD,,,,,,Ongoing,,,Tariff Collection: YES,,100,,
700,18031,30020804,TINSUKIA,ITAKHULI,KACHAMARI,NEW,TEA GARDEN SCHEME,Bahadur TE Mura Line PWSS,RANJITA,Babar Ali Khan,210,210,TINSUKIA,HANDED_OVER,OPERATIVE,Non Operative,PWD,YES,,,1591212,,,,,Tariff Collection: NO,,45,,
701,18029,30008649,TINSUKIA,ITAKHULI,KACHAMARI,NEW,TEA GARDEN SCHEME,BAHADUR TE PWSS,RANJITA,Kajal Hore,266,244,TINSUKIA,HANDED_OVER,OPERATIVE,Partially Operative,P&RD - 15 FC,ON PROCESS,,,,,,,,Tariff Collection: NO,Estimated Submitted to P&RD - Work Ongoing,100,,
705,22499,30218197,TINSUKIA,ITAKHULI,KACHAMARI,NEW,NON TEA GARDEN,JENGONI HEBEDA PWSS,RANJITA,UMESHWAE ROY,241,232,TINSUKIA,ONGOING,NON_OPERATIVE,Non Operative,,,,,,,,,,Tariff Collection: NO,Estimates Already send under SOPD to HQ,100,,
706,18033,30116460,TINSUKIA,ITAKHULI,KACHAMARI,NEW,NON TEA GARDEN,Kharia Gaon PWSS,RANJITA,Babar Ali Khan,270,170,TINSUKIA,HANDED_OVER,OPERATIVE,Fully Operative,,,,,,,,,,Tariff Collection: YES,,100,,
708,18035,30017885,TINSUKIA,ITAKHULI,KACHAMARI,NEW,TEA GARDEN SCHEME,KHETOJAN PWSS,RANJITA,Raj Sekhar Hazarika,238,228,TINSUKIA,HANDED_OVER,OPERATIVE,Partially Operative,P&RD - 15 FC,ON PROCESS,,,,,,,,Tariff Collection: NO,Estimated Submitted to P&RD - Work Ongoing,100,,
711,18039,30203948,TINSUKIA,ITAKHULI,KACHAMARI,NEW,NON TEA GARDEN,No.2 Sukani Gaon PWSS,RANJITA,Nortech Power Projects Pvt. Ltd.,158,125,TINSUKIA,ONGOING,NON_OPERATIVE,Non Operative,,,,,,,,,,Tariff Collection: NO,,81,,
712,18042,30203975,TINSUKIA,ITAKHULI,KACHAMARI,NEW,NON TEA GARDEN,Pachim Kachamari PWSS,RANJITA,Nortech Power Projects Pvt. Ltd.,190,190,TINSUKIA,HANDED_OVER,NON_OPERATIVE,Non Operative,P&RD - 15 FC,YES,YES,YES,438079,MONUJ KUMAR,Not Started,Will start by 11/8/2026,Deep Tube Well (DTW) Source Dried Up,Tariff Collection: YES,,100,,
713,18051,30024040,TINSUKIA,ITAKHULI,KACHAMARI,NEW,NON TEA GARDEN,Pub Kachamari PWSS,RANJITA,Babar Ali Khan,286,298,TINSUKIA,HANDED_OVER,OPERATIVE,Fully Operative,,,,,,,,,,Tariff Collection: YES,,100,,
871,1931,8176951,TINSUKIA,ITAKHULI,BORGURI,RETROFITTING,NON TEA GARDEN,PARBATIA PWSS,ATLANTA,RANJAN KR. DUTTA,67,67,TINSUKIA,ONGOING,NON_OPERATIVE,Non Operative,,,,,,,,,,Tariff Collection: NO,,100,,
872,5354,8230013,TINSUKIA,ITAKHULI,BORGURI,RETROFITTING,NON TEA GARDEN,BALUGADA PWSS,ATLANTA,SEWJI RAI,110,110,TINSUKIA,ONGOING,NON_OPERATIVE,Non Operative,,,,,,,,,,Tariff Collection: NO,Estimated Submitted to P&RD - Work Ongoing,100,,
873,5231,8230027,TINSUKIA,ITAKHULI,BORGURI,RETROFITTING,TEA GARDEN SCHEME,CHANDMARI TE PWSS,ATLANTA,Nortech Power Projects Pvt. Ltd.,316,316,TINSUKIA,HANDED_OVER,OPERATIVE,Partially Operative,P&RD - 15 FC,NO,,,,DK Bora,,,,Tariff Collection: NO,,100,,
874,5061,8227567,TINSUKIA,ITAKHULI,BORGURI,RETROFITTING,NON TEA GARDEN,GELLAPUKHURI GAON PWSS,ATLANTA,Nortech Power Projects Pvt. Ltd.,133,133,TINSUKIA,HANDED_OVER,OPERATIVE,Fully Operative,P&RD - 15 FC,YES,YES,YES,222923,DK Bora,Completed,,,Tariff Collection: NO,,100,,
876,5230,8228122,TINSUKIA,ITAKHULI,BORGURI,RETROFITTING,NON TEA GARDEN,KACHUJAN PWSS,ATLANTA,Nortech Power Projects Pvt. Ltd.,200,200,TINSUKIA,HANDED_OVER,OPERATIVE,Fully Operative,P&RD - 15 FC,YES,YES,YES,75652,Subrata Neog,Completed,,,Tariff Collection: NO,,100,,
877,5590,8230168,TINSUKIA,ITAKHULI,BORGURI,RETROFITTING,NON TEA GARDEN,KAKORATOLI PWSS (GUIJAN),ATLANTA,Nortech Power Projects Pvt. Ltd.,190,188,TINSUKIA,HANDED_OVER,OPERATIVE,Partially Operative,P&RD - 15 FC,NO,,,,DK Bora,,,,Tariff Collection: YES,,100,,
981,5208,8236850,TINSUKIA,ITAKHULI,LAIPULI,RETROFITTING,NON TEA GARDEN,Dhariatoli PWSS,PRANAMIKA,M/S SHREE SHYAM CONSTRUCTION & SUPPLIERS,123,131,TINSUKIA,HANDED_OVER,OPERATIVE,Fully Operative,P&RD - 15 FC,YES,YES,YES,43955,D.K BORAH,,,,Tariff Collection: NO,,36,,
982,5394,8227194,TINSUKIA,ITAKHULI,LAIPULI,RETROFITTING,TEA GARDEN SCHEME,HATIMORA TE PWSS,PRANAMIKA,Nortech Power Projects Pvt. Ltd.,309,309,TINSUKIA,HANDED_OVER,PARTIALLY_OPERATIVE,Partially Operative,PWD,,,,,,,Estimate sent to PWD,Pipeline Damage due to PWD road construction or Augmentation,Tariff Collection: NO,,69,,
984,5213,8229523,TINSUKIA,ITAKHULI,LAIPULI,RETROFITTING,NON TEA GARDEN,MORANKARI PWSS,PRANAMIKA,MONU GOGOI,60,60,TINSUKIA,HANDED_OVER,OPERATIVE,Fully Operative,,,,,,,,,,Tariff Collection: NO,,100,,
985,5102,8222303,TINSUKIA,ITAKHULI,LAIPULI,RETROFITTING,NON TEA GARDEN,MOUT GHAT PWSS,PRANAMIKA,M/S POWER TOOLS & ENGINEERING,80,91,TINSUKIA,HANDED_OVER,NON_OPERATIVE,Non Operative,P&RD - 15 FC,YES,YES,YES,52014,Subrat Neog,Ongoing,,Centrifugal Pump Malfunction,Tariff Collection: NO,,85,,
988,5097,8239024,TINSUKIA,ITAKHULI,LAIPULI,RETROFITTING,NON TEA GARDEN,SILIKHAGURI PWSS,PRANAMIKA,NIRANJAN SAIKIA,160,154,TINSUKIA,ONGOING,,Non Operative,,,,,,,,,,Tariff Collection: NO,,100,,
989,9021,8236878,TINSUKIA,ITAKHULI,LAIPULI,RETROFITTING,NON TEA GARDEN,MATIAKHANA PWSS,PRANAMIKA,NIRANJAN SAIKIA,65,78,TINSUKIA,ONGOING,,Non Operative,,,,,,,,,,Tariff Collection: YES,PWD,100,,
990,1955,8176971,TINSUKIA,ITAKHULI,RONGPURIA,RETROFITTING,NON TEA GARDEN,PATIA PATHER PWSS,PADMINI,PRASANTA SARMAH,294,294,TINSUKIA,HANDED_OVER,OPERATIVE,Fully Operative,,,,,,,,,,Tariff Collection: NO,,100,,
991,1946,8177066,TINSUKIA,ITAKHULI,RONGPURIA,RETROFITTING,NON TEA GARDEN,TINGRAI HABI PWSS,PADMINI,One Star Engineering,1100,958,TINSUKIA,HANDED_OVER,OPERATIVE,Non Operative,P&RD - 15 FC,YES,YES,YES,83455,TARUN PAUL,Not Started,Previously the works under Rongpuria Panchayat was allocated to Panchayat Vendor.,,Tariff Collection: NO,Estimated Submitted to P&RD - Work Not Started,100,,
992,5222,8222087,TINSUKIA,ITAKHULI,RONGPURIA,RETROFITTING,NON TEA GARDEN,LOHARI KACHARI NATUNGAON PWSS,PADMINI,SRI DHIRU KAMAL NEOG,160,160,TINSUKIA,HANDED_OVER,NON_OPERATIVE,Non Operative,P&RD - 15 FC,YES,YES,YES,97847,DHIRU KAMAL NEOG,Not Started,Previously the works under Rongpuria Panchayat was allocated to Panchayat Vendor.,Feeder cable (AB) damage,Tariff Collection: YES,,100,,
993,5361,8222570,TINSUKIA,ITAKHULI,RONGPURIA,RETROFITTING,NON TEA GARDEN,PAKHARIJAN PWSS,PADMINI,SEWJI RAI,209,282,TINSUKIA,HANDED_OVER,NON_OPERATIVE,Non Operative,SOPD,YES,YES,,1020517,SOPD,Not Started,,Pipeline damage (other third parties),Tariff Collection: NO,Estimated Submitted to P&RD - Work Ongoing,100,,
994,5620,8204712,TINSUKIA,ITAKHULI,BAPUJI,RETROFITTING,NON TEA GARDEN,BORBHETA BENGALI PWSS,RANJITA,MONUJ KUMAR,223,272,TINSUKIA,HANDED_OVER,OPERATIVE,Fully Operative,,,,,,,,,,Tariff Collection: YES,,100,,
995,5390,8227264,TINSUKIA,ITAKHULI,BORDUBI KNOWARI PATHAR,RETROFITTING,NON TEA GARDEN,BORDUBI PWSS,PADMINI,Nortech Power Projects Pvt. Ltd.,441,441,TINSUKIA,HANDED_OVER,PARTIALLY_OPERATIVE,Partially Operative,P&RD - 15 FC,YES,YES,YES,111957,MILON DEKA,Ongoing,,Pipeline damage (other third parties),Tariff Collection: YES,Estimated Submitted to P&RD - Work Ongoing,100,,
996,5082,8221988,TINSUKIA,ITAKHULI,BAPUJI,RETROFITTING,NON TEA GARDEN,BORJAN (T) PWSS,RANJITA,One Star Engineering,193,193,TINSUKIA,HANDED_OVER,OPERATIVE,Partially Operative,P&RD - 15 FC,YES,YES,YES,70328,Subrata Neog,Ongoing,,,Tariff Collection: NO,,42,,
1000,4691,6536898,TINSUKIA,ITAKHULI,KACHAMARI,RETROFITTING,NON TEA GARDEN,HEBEDA NO.2 PWSS,RANJITA,SRI DHIRU KAMAL NEOG,244,213,TINSUKIA,HANDED_OVER,OPERATIVE,Fully Operative,P&RD - 15 FC,YES,YES,YES,167647,Tralukya Khaound,Completed,,,Tariff Collection: NO,,100,,
1003,5099,8204816,TINSUKIA,ITAKHULI,KACHAMARI,RETROFITTING,NON TEA GARDEN,HEBEDA PWSS,RANJITA,MONU GOGOI,123,123,TINSUKIA,HANDED_OVER,OPERATIVE,Fully Operative,P&RD - 15 FC,YES,YES,YES,213677,D K BORAH,Completed,,,Tariff Collection: NO,,100,,
1004,5356,8227540,TINSUKIA,ITAKHULI,KACHAMARI,RETROFITTING,NON TEA GARDEN,JENGONI PWSS,RANJITA,Nortech Power Projects Pvt. Ltd.,155,155,TINSUKIA,HANDED_OVER,OPERATIVE,Fully Operative,P&RD - 15 FC,YES,YES,YES,165738,MILAN DEKA,Completed,,,Tariff Collection: NO,,100,,
1005,5218,8222033,TINSUKIA,ITAKHULI,KACHAMARI,RETROFITTING,NON TEA GARDEN,KACHAMARI PWSS,RANJITA,ANANGA SONOWAL,142,142,TINSUKIA,ONGOING,NON_OPERATIVE,Non Operative,,,,,,,,,,Tariff Collection: NO,Estimated Submitted to P&RD - Work Ongoing,100,,